BJBE,0x0,007 - Everything or Nothing
BFBP,0xE,2 Disney Games - Disney Sports Skateboarding + Football
BLQP,0x0,2 Disney Games - Lilo & Stitch 2 + Peter Pan
BQJE,0xF,2 Game Pack - Hot Wheels Stunt Track + World Race
BB4E,0xF,2 Game Pack! - Matchbox Missions
BUQE,0xF,2 Game Pack! Uno + Skip-Bo
BX6E,0xF,2 Games in 1 - Battle for Bikini Bottom + Breakin' Da Rules
BU2E,0x0,2 Games in 1 - Battle for Bikini Bottom + Nicktoons Freeze Frame Frenzy
BL5P,0xF,2 Games in 1 - Bionicle + Knights' Kingdom
BWBP,0x0,2 Games in 1 - Brother Bear + Disney Princess
BLBX,0x0,2 Games in 1 - Brother Bear + The Lion King
BW2E,0xF,2 Games in 1 - Cartoon Network - Block Party + Speedway
BW9P,0x9,2 Games in 1 - Columns Crown + ChuChu Rocket!
BLPP,0x0,2 Games in 1 - Disney Princess + The Lion King
B2EE,0xF,2 Games in 1 - Dora the Explorer - Pirate Pig's Treasure + Super Star Adventures
BZPE,0x0,2 Games in 1 - Dr. Mario + Puzzle League
BUFE,0x2,2 Games in 1 - Dragon Ball Z - Buu's Fury + Dragon Ball GT - Transformation
BFWP,0xF,2 Games in 1 - Finding Nemo + Finding Nemo - The Continuing Adventures
BDZE,0xF,"2 Games in 1 - Finding Nemo + Monsters, Inc."
BINP,0xF,2 Games in 1 - Finding Nemo + The Incredibles
BWCE,0xF,2 Games in 1 - Golden Nugget Casino - Texas Hold'em Poker
BHZE,0xF,2 Games in 1 - Hot Wheels - World Race + Velocity X
BLDP,0x2,2 Games in 1 - Lizzie McGuire - Disney Princess
BARP,0x0,2 Games in 1 - Moto GP - GT 3 Advance
BRZE,0xF,2 Games in 1 - Power Rangers Time Force + Ninja Storm
BWQE,0xF,2 Games in 1 - Quad Desert Fury + Monster Trucks
BPUE,0x0,2 Games in 1 - Scooby-Doo + Scooby-Doo 2
BCVE,0x0,2 Games in 1 - Scooby-Doo and the Cyber Chase + Mystery Mayhem
BW3P,0x9,2 Games in 1 - Sonic Advance + Chu Chu Rocket
BW7P,0x9,2 Games in 1 - Sonic Battle + ChuChu Rocket!
BW4P,0x9,2 Games in 1 - Sonic Battle + Sonic Advance
BW8P,0x9,2 Games in 1 - Sonic Pinball + Columns Crown
BW6P,0x9,2 Games in 1 - Sonic Pinball Party + Sonic Battle
BSZP,0xF,2 Games in 1 - SpongeBob SquarePants - Supersponge + Battle for Bikini Bottom
BDFE,0xF,2 Games in 1 - SpongeBob SquarePants - Supersponge + Revenge of the Flying Dutchman
BRSP,0xF,2 Games in 1 - SpongeBob SquarePants - Supersponge + Rugrats - Go Wild
BBJP,0xF,2 Games in 1 - SpongeBob SquarePants + Jimmy Neutron
BNEE,0xF,2 Games in 1 - The Incredibles + Finding Nemo - The Continuing Adventure
B2BP,0x0,2 Games in 1 - The SpongeBob SquarePants Movie + Freeze Frame Frenzy
B2AP,0x0,2 in 1 - Asterix & Obelix - PAF! Them All! + XXL
BLFE,0x2,2 in 1 - Dragon Ball Z 1 and 2
B94D,0x3,2 in 1 - Pferd & Pony - Mein Pferdehof + Lass Uns Reiten 2
BX2E,0x0,2 in 1 - Spider-Man Mysterio's Menace & X2 Wolverine's Revenge
BX4E,0x2,2 in 1 - Tony Hawk's Underground + Kelly Slater's Pro Surfer
BCSP,0x2,2 in 1 - V-Rally 3 - Stuntman
BXHE,0x0,2 in 1 Fun Pack - Madagascar - Operation Penguin + Shrek 2
BXGE,0x0,2 in 1 Fun Pack - Madagascar + Shrek 2
BS7E,0x0,2 in 1 Game Pack - Shark Tale + Shrek 2
BX3E,0x1,2 in 1 GamePack - Spider-Man + Spider-Man 2
BT5F,0xF,2 Jeux en 1 - Titeuf - Ze Gag Machine + Mega Compet
BC4E,0xF,3 Game Pack - Candy Land + Chutes and Ladders + Memory
B3OE,0xF,3 Game Pack - Mouse Trap + Simon + Operation
B3UE,0xF,3 Game Pack - The Game of Life + Yahtzee + Payday
BXCE,0xF,3 Game Pack! - Ker Plunk! + Toss Across + Tip It
B44P,0x0,"3 Games in 1 - Rugrats, SpongeBob, Tak"
BRQE,0xF,3 Games in One - Majesco's Rec Room Challenge
B3NE,0xF,3 Games in One - Majesco's Sports Pack
BI4E,0xE,4 Games on One Game Pak - GT Advance - GT Advance 2 - GT Advance 3 - Moto GP
BI7E,0xE,4 Games on One Game Pak - Nickelodeon
BI6E,0xE,4 Games on One Game Pak (Nickelodeon Movies)
A3QE,0xF,A Sound of Thunder
BAEE,0xF,Ace Combat Advance
ALXP,0x0,Ace Lightning
BACP,0xF,Action Man - Robot Atak
BAVE,0x0,Activision Anthology
AG7J,0xE,Advance GTA
BGCE,0x0,Advance Guardian Heroes
BAGJ,0x0,Advance Guardian Heroes
AR7J,0xE,Advance Rally
AWRE,0x5,Advance Wars
AW2E,0x7,Advance Wars 2 - Black Hole Rising
ADEJ,0xE,Adventure of Tokyo Disney Sea
AAOE,0x0,Aero the Acro-Bat - Rascal Rival Revenge
ACEE,0xF,Agassi Tennis Generation
BHQP,0xF,Agent Hugo - Roborumble
AILE,0xF,Aggressive Inline
AAKE,0x0,Air Force Delta Storm
BAZJ,0x2,Akachan Doubutsu Sono
BZWJ,0x2,Akagi
BADE,0x0,Aladdin
AJ6J,0x0,Aladdin
BABJ,0x0,Aleck Bordon Adventure - Tower & Shaft Advance
ATFP,0x2,Alex Ferguson's Player Manager 2002
BAWE,0x0,Alex Rider - Stormbreaker
BAHP,0x0,Alien Hominid
AEVE,0xF,Alienators - Evolution Continues
BALE,0x0,All Grown Up - Express Yourself
AA3E,0xE,All-Star Baseball 2003
AA7E,0xE,All-Star Baseball 2004
AARE,0x0,Altered Beast - Guardian of the Realms
AABE,0x2,American Bass Challenge
BAPE,0x0,American Dragon - Jake Long
BIDE,0xF,American Idol
AFGE,0xF,An American Tail - Fievel's Gold Rush
AFNJ,0x2,Angel Collection - Mezase! Gakuen no Fashion Leader
BECJ,0x2,Angel Collection 2 - Pichimo ni Narou
AAGJ,0x2,Angelique
AANJ,0xE,Animal Mania - DokiDoki Aishou Check
AAQE,0xF,Animal Snap - Rescue Them 2 By 2
BAYJ,0xE,Animal Yokochou - Doki Doki Kyushutsu Daisakusen No Maki
BAXJ,0xE,Animal Yokochou - Doki Doki Shinkyuu Shiken! no Kan
ANIP,0xF,"Animaniacs - Lights, Camera, Action!"
ANUE,0xF,Antz - Extreme Racing
ANZP,0xF,Antz - Extreme Racing
AAZJ,0x0,Ao-Zoura to Nakamatachi - Yume no Bouken
BPLE,0xF,Archer Maclean's 3D Pool
AZNE,0xF,Archer Maclean's Super Dropzone
BB5E,0xF,Arctic Tale
AMEE,0xF,Army Men - Operation Green
AY3E,0x0,Army Men - Turf Wars
ASAE,0xF,Army Men Advance
B8DE,0xF,Around the World in 80 Days
B2NE,0x1,Arthur and the Invisibles
BAMJ,0xE,Ashita no Joe - Makka ni Moeagare!
AOBP,0xF,Asterix & Obelix - Bash Them All!
BLXP,0x0,Asterix & Obelix - XXL
BTAE,0x2,Astro Boy - Omega Factor
AAVE,0xF,Atari Anniversary Advance
ATLE,0xF,Atlantis - The Lost Empire
BETE,0xF,Atomic Betty
AQRE,0xF,ATV Quad Power Racing
B3BE,0xF,ATV Thunder - Ridge Riders
BQZE,0x2,Avatar - The Last Airbender
BBWE,0xF,Avatar - The Last Airbender - The Burning Earth
AZAJ,0x2,Azumanga Daiou Advance
BBVE,0x0,Babar - To the Rescue
BBCE,0xF,Back to Stone
ABKE,0x0,BackTrack
ACKE,0x0,Backyard Baseball
BCYE,0x0,Backyard Baseball 2006
AYBE,0x0,Backyard Basketball
AYFE,0x0,Backyard Football
BYHE,0x0,Backyard Hockey
BYFE,0x0,Backyard NFL Football 2006
BS6E,0x0,Backyard Skateboarding
BC7E,0x0,Backyard Sports - Baseball 2007
BB7E,0x0,Backyard Sports - Basketball 2007
BF7E,0x0,Backyard Sports - Football 2007
AHEJ,0xE,Bakuten Shoot Beyblade - Gekitou! Saikyou Blader
AB8J,0xE,Bakuten Shoot Beyblade 2002 - Ikuze! Bakutou! Chou Jiryoku Battle!!
A3EJ,0xE,Bakuten Shoot Beyblade 2002 - Team Battle!! Daichi Hen
A3WJ,0xE,Bakuten Shoot Beyblade 2002 - Team Battle!! Takao Hen
BGDP,0x0,Baldurs Gate - Dark Alliance
AEEE,0xF,Ballistic - Ecks vs Sever
BAJE,0x0,Banjo Pilot
BKZE,0x2,Banjo-Kazooie - Grunty's Revenge
BAUE,0xF,Barbie - The Princess and the Pauper
BE5E,0xF,Barbie and the Magic of Pegasus
BBNE,0x0,Barbie as the Island Princess
AVBE,0xF,Barbie Groovy Games
AI8E,0xF,Barbie Horse Adventures - Blue Ribbon Race
BB3E,0xF,Barbie in the 12 Dancing Princesses
BBEE,0xF,Barbie Superpack - Secret Agent + Groovy Games
BBYE,0x2,Barnyard
ABPE,0xE,Baseball Advance
AZBJ,0x2,Bass Tsuri Shiyouze!
BBGE,0x0,Batman Begins
BATE,0xF,Batman Rise of Sin Tzu
ABTE,0xF,Batman Vengeance
BDXE,0x2,Battle B-Daman
BBME,0x2,Battle B-Daman - Fire Spirits
BBFJ,0x0,Battle x Battle - Kyoudai Ou Densetsu
ABEE,0x0,BattleBots - Beyond the BattleBox
BBDE,0xF,BattleBots - Design & Destroy
A8LJ,0xE,BB Ball
AH5J,0xE,Beast Shooter - Mezase Beast King!
BHBE,0x2,Best Friends - Dogs & Cats
A8YJ,0x7,Best Play Pro Yakyuu
BB2E,0x2,Beyblade G-Revolution
BEYE,0x2,Beyblade VForce - Ultimate Blader Jam
BBXD,0xF,Bibi Blocksberg - Der Magische Hexenkreis
BUXD,0x0,Bibi und Tina - Ferien auf dem Martinshof
BIBE,0xF,"Bible Game, The"
B63E,0x0,Big Mutha Truckers
BIOE,0xF,Bionicle
A5AE,0x0,Bionicle - Matoran Adventures
BILE,0x0,Bionicle - Maze of Shadows
BIHE,0x0,Bionicle Heroes
BVDJ,0xE,bit Generations - Boundish
BVAJ,0xE,bit Generations - Coloris
BVBJ,0xE,bit Generations - Dial Hex
BVHJ,0xE,bit Generations - Digidrive
BVCJ,0xE,bit Generations - Dotstream
BVEJ,0xE,bit Generations - Orbital
BVGJ,0xE,bit Generations - Soundvoyager
AB6P,0x0,Black Belt Challenge
AWEJ,0xE,Black Black - Bura Bura
AXBJ,0x2,Black Matrix Zero
AQXE,0x0,Blackthorne
BBHE,0xF,Blades of Thunder
BLEJ,0x9,Bleach Advance
ABRE,0xE,Blender Bros.
AT9E,0x0,BMX Trick Racer
B6EE,0xF,Board Games Classics
BB9J,0xE,Boboboubo Boubobo - 9 Kiwame Senshi Gyagu Yuugou
BOBJ,0xE,Boboboubo Boubobo - Maji De!! Shinken Battle
A8VJ,0xE,Boboboubo Boubobo - Ougi 87.5 Bakuretsu Hanage Shinken
BOSJ,0xE,Boboboubo Boubobo Bakutou Hajike Taisen
U3IE,0x2,Boktai - The Sun is in Your Hand
U32E,0x2,Boktai 2 - Solar Boy Django
ABCJ,0xE,Boku ha Koukuu Kanseikan
AJZJ,0xE,Bomberman Jetters
BOMJ,0x0,Bomberman Jetters - Game Collection
AMHE,0x2,Bomberman Max 2 - Blue Advance
AMYE,0x2,Bomberman Max 2 - Red Advance
ABSE,0xE,Bomberman Tournament
BKWE,0x0,Bookworm
BPDJ,0xE,Bouken Yuuki PlaStar World - Densetsu no PlaStar Gate EX
APJJ,0xE,Bouken Yuuki Pluster World - Densetsu no PlustoGate
A2PJ,0xE,Bouken Yuuki Pluster World - Pluston GP
BOVJ,0x2,Bouken-Ou Beet - Busters Road
BBSJ,0x2,Boukyaku no Senritsu
ABDE,0x0,Boulder Dash EX
ABOE,0xF,Boxing Fever
A2RE,0x0,Bratz
BBZE,0xF,Bratz - Babyz
BXFE,0x2,Bratz - Forever Diamondz
BRRE,0x0,Bratz - Rock Angelz
BBUE,0xF,Bratz - The Movie
B6ZE,0xF,Breakout + Centipede + Warlords
ABFE,0xE,Breath of Fire
AB2E,0xE,Breath of Fire II
ABYE,0xF,Britney's Dance Beat
ABJE,0x2,Broken Sword - The Shadow of the Templars
BBRE,0x2,Brother Bear
ALEE,0x0,Bruce Lee - Return of the Legend
AONE,0x0,Bubble Bobble - Old & New
A2BJ,0x0,Bubble Bobble - Old & New
AVYD,0x0,Buffy - Im Bann der Daemonen
ABWE,0xF,Butt-Ugly Martians - B.K.M. Battles
AUQP,0xF,Butt-Ugly Martians - B.K.M. Battles
BCGE,0x0,Cabbage Patch Kids - The Patch Puppy Rescue
A8HE,0xF,Cabela's Big Game Hunter
BG5E,0x0,Cabela's Big Game Hunter - 2005 Adventures
ACPE,0xF,Caesars Palace Advance
BIXJ,0xB,Calciobit
BLCE,0x0,Camp Lazlo - Leaky Lake Games
BC6E,0xF,Capcom Classics - Mini Mix
AKYJ,0xE,Captain Tsubasa - Eikou no Kiseki
ACBE,0x2,Car Battler Joe
BK3J,0x2,Card Captor Sakura - Sakura Card de Mini Game
BKSJ,0x0,Card Captor Sakura - Sakura to Card to Otomodachi
PEAJ,0x7,Card E-Reader
A8CJ,0xF,Card Party
BEAE,0x0,Care Bears - The Care Quest
AEDP,0x0,Carrera Power Slide
BCAE,0x0,Cars
BCPE,0xF,Cars Mater-National Championship
AC9E,0xF,Cartoon Network Block Party
ANRE,0xF,Cartoon Network Speedway
ACSE,0xF,Casper
A2CE,0xE,Castlevania - Aria of Sorrow
AAME,0xE,Castlevania - Circle of the Moon
ACHE,0xE,Castlevania - Harmony of Dissonance
BXKE,0xE,Castlevania Double Pack
BCWE,0x0,Catwoman
AN3E,0x2,Catz
BCFE,0x0,Charlie and the Chocolate Factory
BCJE,0x0,Charlotte's Web
ACYE,0x0,Chessmaster
BCHE,0x0,Chicken Little
B6FE,0xF,Chicken Shoot
B6GE,0xF,Chicken Shoot 2
AOCJ,0x0,Chobits for GameBoy Advance
A5BJ,0xE,Chocobo Land - A Game of Dice
ACJJ,0x0,Chou Makai-Mura R
ACRE,0x5,Chu Chu Rocket!
BCME,0x2,CIMA - The Enemy
BCDE,0x0,Cinderella - Magical Dreams
B2SJ,0x1,Cinnamon - Yume no Daibouken
B43J,0x1,Cinnamon Fuwafuwa Daisakusen
BPSJ,0x0,Cinnamoroll Kokoniiruyo
FBME,0x0,Classic NES Series - Bomberman
FADE,0x0,Classic NES Series - Castlevania
FDKE,0x0,Classic NES Series - Donkey Kong
FDME,0x0,Classic NES Series - Dr. Mario
FEBE,0x2,Classic NES Series - ExciteBike
FICE,0x0,Classic NES Series - Ice Climber
FMRE,0x0,Classic NES Series - Metroid
FP7E,0x0,Classic NES Series - Pac-Man
FSME,0x0,Classic NES Series - Super Mario Bros.
FZLE,0x2,Classic NES Series - The Legend of Zelda
FXVE,0x0,Classic NES Series - Xevious
FLBE,0x2,Classic NES Series - Zelda II - The Adventure of Link
BC5P,0xF,Cocoto - Kart Racer
BC8P,0xF,Cocoto Platform Jumper
BNDE,0xF,Codename Kids Next Door - Operation S.O.D.A.
ACME,0x0,Colin McRae Rally 2.0
ACGE,0x0,Columns Crown
AQCJ,0xE,Combat Choro Q - Advance Daisakusen
BW5E,0x9,Combo Pack - Sonic Advance + Sonic Pinball Party
ACZP,0x0,Comix Zone
B65E,0xF,Connect Four - Perfection - Trouble
AAWE,0xF,Contra Advance - The Alien Wars EX
AVCE,0x0,Corvette
B5AP,0x0,Crash & Spyro - Super Pack Volume 1
B52P,0x0,Crash & Spyro - Super Pack Volume 2
B53E,0x1,Crash & Spyro Superpack - Ripto's Rampage + The Cortex Conspiracy
B54E,0x0,Crash & Spyro Superpack - The Huge Adventure + Season of Ice
ACQE,0x0,Crash Bandicoot - The Huge Adventure
AC8E,0x0,Crash Bandicoot 2 - N-Tranced
ACUJ,0x0,Crash Bandicoot Advance
BKDJ,0x0,Crash Bandicoot Advance - Wakuwaku Tomodachi Daisakusen
BD4E,0x0,Crash Bandicoot Purple - Ripto's Rampage
BCNE,0x0,Crash Nitro Kart
BQCE,0x0,Crash of the Titans
B8AE,0x3,Crash Superpack - N-Tranced + Nitro Kart
BC2J,0x3,Crayon Shin chan - Densetsu wo Yobu Omake no Miyako Shockgaan
BKCJ,0x0,Crayon Shin-Chan - Arashi no Yobu Cinema-Land no Daibouken!
ACCE,0x0,Crazy Chase
BCRP,0x0,Crazy Frog Racer
A3CE,0x0,Crazy Taxi - Catch a Ride
ACTX,0x2,Creatures
A6CJ,0xE,Croket! - Yume no Banker Survival!
BK2J,0xE,Croket! 2 - Yami no Bank to Banqueen
B3KJ,0xE,Croket! 3 - Guranyuu Oukoku no Nazo
BK4J,0xE,Croket! 4 - Bank no Mori no Mamorigami
AQDE,0xF,Crouching Tiger Hidden Dragon
ACFE,0xF,Cruis'n Velocity
BCBE,0x0,Crushed Baseball
AC7E,0xF,CT Special Forces
A9CE,0xF,CT Special Forces 2 - Back in the Trenches
BC3P,0xF,CT Special Forces 3 - Bioterror
ACXE,0x0,Cubix - Robots for Everyone - Clash 'N Bash
B3JE,0xF,Curious George
ARJJ,0x2,Custom Robo GX
AZ3J,0xE,Cyberdrive Zoids - Kijuu no Senshi Hyuu
AHMJ,0x0,Dai-Mahjong
ADSJ,0x7,Daisenryaku for GameBoy Advance
ATDJ,0xE,Daisuki Teddy
BDNJ,0xE,Dan Doh!! - Tobase Shouri no Smile Shot!!
AXHJ,0xE,Dan Doh!! Xi
A9SJ,0x0,Dancing Sword - Senkou
BUEE,0x0,Danny Phantom - The Ultimate Enemy
BQYE,0x0,Danny Phantom - Urban Jungle
AVLE,0xF,Daredevil
A2DJ,0x0,Darius R
ADAE,0xF,Dark Arena
AX2E,0x2,Dave Mirra Freestyle BMX 2
AB3E,0x2,Dave Mirra Freestyle BMX 3
ABQE,0x0,David Beckham Soccer
AD6E,0x0,Davis Cup
BDEE,0xF,Dead to Rights
BZNE,0xF,Deal or No Deal
A2FE,0x0,Defender
ADHE,0x0,Defender of the Crown
AC5E,0xE,DemiKids - Dark Version
AL4E,0xE,DemiKids - Light Version
A9AE,0xF,Demon Driver - Time to Burn Rubber!
ADBE,0x0,Denki Blocks!
ASTJ,0xE,Densetsu no Stafi
AVFJ,0xE,Densetsu no Stafi 2
B3DJ,0xE,Densetsu no Stafi 3
A8PJ,0x7,Derby Stallion Advance
ADIE,0xF,Desert Strike Advance
ADXE,0xF,Dexter's Laboratory - Chess Challenge
ADLE,0x0,Dexter's Laboratory - Deesaster Strikes!
A3OJ,0xE,Di Gi Charat - DigiCommunication
ADDJ,0x2,Diadroids World - Evil Teikoku no Yabou
BXWD,0x0,Die Wilden Fussball Kerle - Gefahr im Wilde Kerle Land
BWUD,0xF,Die wilden Fussballkerle - Entscheidung im Teufelstopf
BDKJ,0x2,Digi Communication 2 in 1 Datou! Black Gemagema Dan
A8SE,0x0,Digimon - Battle Spirit
BDSE,0x0,Digimon - Battle Spirit 2
BDGE,0x0,Digimon Racing
BDJJ,0x0,Digimon Racing
AD3E,0x0,Dinotopia - The Timestone Pirates
AQPE,0xF,Disney Princess
BQNE,0x0,Disney Princess - Royal Adventure
A2AE,0x0,Disney Sports - Basketball
A3DE,0x0,Disney Sports - Football
AOMP,0x0,Disney Sports - Motocross
A4DE,0x0,Disney Sports - Skateboarding
A5DE,0x0,Disney Sports - Snowboarding
A6DE,0x2,Disney Sports - Soccer
BD8E,0x0,Disney's Party
BBKE,0xE,DK - King of Swing
B82E,0x0,Dogz
BFEE,0x2,Dogz - Fashion
BIME,0x2,Dogz 2
ADQE,0xE,Dokapon
A56J,0x2,DokiDoki Cooking Series 1 - Komugi-chan no Happy Cake
A8OJ,0x2,DokiDoki Cooking Series 2 - Gourmet Kitchen - Suteki na Obentou
AYAJ,0xE,Dokodemo Taikyoku - Yakuman Advance
ADOJ,0xE,Domo-kun no Fushigi Terebi
ADKE,0xF,Donald Duck Advance
AADJ,0xF,Donald Duck Advance
BDAJ,0x0,Donchan Puzzle Hanabi de Dohn Advance
A5NE,0x0,Donkey Kong Country
B2DE,0x2,Donkey Kong Country 2
BDQE,0x0,Donkey Kong Country 3
ADME,0x0,Doom
A9DE,0x0,Doom II
BXPE,0xF,Dora the Explorer - Dora's World Adventure
BERE,0xF,Dora the Explorer - Super Spies
BDOE,0xF,Dora the Explorer - Super Star Adventures!
AERE,0xF,Dora the Explorer - The Search for the Pirate Pig's Treasure
ADPJ,0x2,Doraemon - Dokodemo Walker
ADRJ,0xE,Doraemon - Midori no Wakusei DokiDoki Daikyuushutsu!
BDDE,0xF,Double Dragon Advance
A8DJ,0x9,Doubutsu Shima no Chobi Gurumi
BDCJ,0x0,Doubutsujima no Chobi Gurumi 2 - Tamachan Monogatari
ADWE,0xF,Downforce
A6TP,0x0,Dr. Muto
AQTE,0x2,Dr. Seuss' - The Cat in the Hat
BUOE,0x2,Dr. Sudoku
BDVE,0x0,Dragon Ball - Advanced Adventure
BT4E,0x2,Dragon Ball GT - Transformation
BG3E,0x2,Dragon Ball Z - Buu's Fury
ADZE,0xE,Dragon Ball Z - Collectible Card Game
AZJE,0x0,Dragon Ball Z - Supersonic Warriors
BDBE,0x0,Dragon Ball Z - Taiketsu
ALGE,0x0,Dragon Ball Z - The Legacy of Goku
ALFP,0x2,Dragon Ball Z - The Legacy of Goku II
A5GJ,0xE,Dragon Drive - World D Break
AT2J,0x5,Dragon Quest Characters - Torneko no Daibouken 2 Advance
BD3J,0x9,Dragon Quest Characters - Torneko no Daibouken 3 Advance
A9HJ,0x2,Dragon Quest Monsters - Caravan Heart
BD9E,0xF,Dragon Tales - Dragon Adventures
BJDP,0x0,Dragon's Rock
AJYE,0xF,Drake & Josh
V49E,0xE,Drill Dozer
B3RE,0x0,Driv3r
ADVE,0x0,Driven
ADUE,0x0,Driver 2 Advance
AOEE,0x0,Drome Racers
AD7P,0xF,Droopy's Tennis Open
AB9E,0x0,Dual Blades
BD6E,0x0,Duel Masters - Kaijudo Showdown
AA9E,0x0,Duel Masters - Sempai Legends
BDUE,0x0,Duel Masters - Shadow of the Code
BD2J,0xE,Duel Masters 2
BD5J,0xE,Duel Masters 2 - Kirifuda Shoubu Version
AD9E,0x0,Duke Nukem Advance
AD4E,0xE,Dungeons & Dragons - Eye of the Beholder
B36E,0xE,Dynasty Warriors Advance
AETE,0xF,E.T. - The Extra-Terrestrial
AEJE,0xF,Earthworm Jim
AJ4E,0xF,Earthworm Jim 2
AESE,0xF,Ecks vs Sever
AE3E,0x0,"Ed, Edd n Eddy - Jawbreakers!"
BEDE,0x0,"Ed, Edd n Eddy - The Mis-Edventures"
AEME,0xF,Egg Mania
AEKJ,0x0,Elemix!
ANWJ,0x0,Elevator Action - Old & New
BELE,0xF,Elf - The Movie
BEBE,0xF,Elf Bowling 1 & 2
BZRE,0x0,Enchanted - Once Upon Andalasia
BENE,0x2,Eragon
PSAE,0xA,E-Reader
BEJJ,0x2,Erementar Gerad
AGRE,0x7,ESPN Final Round Golf 2002
AMGE,0xE,ESPN Great Outdoor Games - Bass 2002
AWIE,0x0,ESPN International Winter Sports 2002
AWXE,0x0,ESPN Winter X-Games Snowboarding 2002
AXSE,0x0,ESPN X-Games Skateboarding
AELP,0xF,European Super League
BEVE,0x0,Ever Girl
AMOJ,0xE,EX Monopoly
AEGE,0xF,Extreme Ghostbusters - Code Ecto-1
BESE,0x0,Extreme Skate Adventure
BE4J,0xE,Eyeshield 21 - Devilbats Devildays
A22J,0xE,EZ-Talk - Shokyuu Hen 1
A23J,0xE,EZ-Talk - Shokyuu Hen 2
A24J,0xE,EZ-Talk - Shokyuu Hen 3
A25J,0xE,EZ-Talk - Shokyuu Hen 4
A26J,0xE,EZ-Talk - Shokyuu Hen 5
A27J,0xE,EZ-Talk - Shokyuu Hen 6
AF8E,0x0,F1 2002
AFTE,0xF,F-14 Tomcat
BYAE,0xF,F24 - Stealth Fighter
FSRJ,0x2,Famicom Mini Series - Dai 2 Ji Super Robot Taisen
FGZJ,0x0,Famicom Mini Series - Kido Senshi Z Gundam Hot Scramble
FSOJ,0x0,Famicom Mini Series 10 - Star Soldier
FMBJ,0x0,Famicom Mini Series 11 - Mario Bros.
FCLJ,0x0,Famicom Mini Series 12 - Clu Clu Land
FBFJ,0x0,Famicom Mini Series 13 - Balloon Fight
FWCJ,0x0,Famicom Mini Series 14 - Wrecking Crew
FDDJ,0x0,Famicom Mini Series 16 - Dig Dug
FTBJ,0x0,Famicom Mini Series 17 - Takahashi Meijin no Bouken Jima
FMKJ,0x0,Famicom Mini Series 18 - Makaimura
FTWJ,0x0,Famicom Mini Series 19 - TwinBee
FGGJ,0x0,Famicom Mini Series 20 - Ganbare Goemon! Karakuri Douchuu
FM2J,0x0,Famicom Mini Series 21 - Super Mario Bros. 2
FNMJ,0x0,Famicom Mini Series 22 - Nazo no Murasame Shiro
FPTJ,0x2,Famicom Mini Series 24 - Hikari Shinwa - Palutena no Kagame
FFMJ,0x0,Famicom Mini Series 26 - Mukashi Hanashi - Shin Onigashima
FTKJ,0x0,Famicom Mini Series 27 - Famicom Tantei Club - Kieta Koukeisha
FTUJ,0x0,Famicom Mini Series 28 - Famicom Tantei Club Part II - Ushiro ni Tatsu Shoujo
FSDJ,0x2,Famicom Mini Series 30 - SD Gundam World - Gachapon Senshi Scramble Wars
FPMJ,0x0,Famicom Mini Series 6 - Pac-Man
FMPJ,0x0,Famicom Mini Series 8 - Mappy
B2FE,0xF,Family Feud
AATJ,0x0,Family Tennis Advance
AN7J,0x2,Famista Advance
AJEJ,0xE,Fancy Pocket
BFCJ,0x2,Fantasic Children
BF4E,0x0,Fantastic 4
BH4E,0x0,Fantastic 4 - Flame On
AAXJ,0x2,Fantastic Maerchen - Cake-yasan Monogatari
BFUE,0x0,Fear Factor Unleashed
AF9J,0xE,Field of Nine - Digital Edition 2001
BF6E,0x0,FIFA 06
B7FE,0x0,FIFA 07
AFJE,0x0,FIFA 2003
BFIE,0x0,FIFA 2004
BF5E,0x0,FIFA 2005
B6WE,0x0,FIFA World Cup 2006
BOXP,0x0,FightBox
AFLP,0x0,FILA Decathlon
BFFE,0xE,Final Fantasy I & II - Dawn of Souls
BZ4E,0xE,Final Fantasy IV Advance
AFXE,0x9,Final Fantasy Tactics Advance
BZ5E,0xE,Final Fantasy V Advance
BZ6E,0xE,Final Fantasy VI Advance
AFFE,0x0,Final Fight One
AFWJ,0x7,Final Fire Pro Wrestling - Yume no Dantai Unei!
AZIE,0xF,Finding Nemo
BFNJ,0xF,Finding Nemo
BZIE,0xF,Finding Nemo - The Continuing Adventures
AE7E,0xE,Fire Emblem
AFEJ,0xE,Fire Emblem - Fuuin no Tsurugi
BE8E,0xE,Fire Emblem - The Sacred Stones
AFPE,0x5,Fire Pro Wrestling
AFYE,0x7,Fire Pro Wrestling 2
BLHE,0xF,Flushed Away
BF3E,0xF,Ford Racing 3
AFMJ,0xE,Formation Soccer 2002
AFOE,0xF,Fortress
BFYE,0x0,Foster's Home for Imaginary Friends
BFKE,0x0,Franklin the Turtle
BFLE,0x0,Franklin's Great Adventures
BFSE,0xF,Freekstyle
AFQE,0xF,Frogger Advance - The Great Quest
AFRE,0x0,Frogger's Adventures - Temple of the Frog
AFBE,0x0,Frogger's Adventures 2 - The Lost Wand
BFJE,0x2,Frogger's Journey - The Forgotten Relic
ADCE,0xF,Fruit Chase
BFDJ,0x2,Fruit Mura no Doubutsu Tachi
AF4J,0x0,Fushigi no Kuni no Alice
AFAJ,0xE,Fushigi no Kuni no Angelique
BFPJ,0x0,Futari ha Precure Arienaai Yume no Kuni ha Daimeikyuu
BFMJ,0x2,Futari wa Precure Max Heart Maji! Maji! Fight de IN Janai
BFTJ,0xB,F-Zero - Climax
BFZE,0xE,F-Zero - GP Legends
AFZE,0xE,F-Zero - Maximum Velocity
A4XJ,0x0,Gachaste! Dino Device 2 Dragon
A4WJ,0x0,Gachaste! Dino Device 2 Phoenix
ABIJ,0x7,Gachasute! Dino Device - Blue
AAIJ,0x7,Gachasute! Dino Device - Red
ANYJ,0xE,Gachinko Pro Yakyuu
AQAE,0xE,Gadget Racers
AQ2P,0xE,Gadget Racers
BGHJ,0x2,Gakkou no Kaidan - Hyakuyobako no Fuuin
AYSJ,0x2,Gakkou wo Tsukurou!! Advance
BASJ,0xE,Gakuen Alice - DokiDoki Fushigi Taiken
BGSJ,0x0,Gakuen Senki Muryou
AGZJ,0x0,Galaxy Angel GameBoy Advance
AG8E,0x0,Galidor - Defenders of the Outer Dimension
ATYJ,0x2,Gambler Densetsu Tetsuya - Yomigaeru Densetsu
AQWE,0xE,Game & Watch Gallery 4
BGWJ,0xB,Gameboy Wars Advance 1+2
BG7E,0xF,Games Explosion!
BG8J,0x2,Ganbare! Dodge Fighters
BGOE,0xF,Garfield - The Search for Pooky
BG9E,0x0,Garfield and His Nine Lives
AYGE,0x0,Gauntlet - Dark Legacy
B69E,0xF,Gauntlet - Rampart
MGUE,0xF,GBA Video - All Grown Up - Volume 1
MCME,0xF,GBA Video - Cartoon Network Collection - Limited Edition
MCNE,0xF,GBA Video - Cartoon Network Collection - Platinum Edition
MCPE,0xF,GBA Video - Cartoon Network Collection - Premium Edition
MCSE,0xF,GBA Video - Cartoon Network Collection - Special Edition
MCTE,0xF,GBA Video - Cartoon Network Collection - Volume 1
MC2E,0xF,GBA Video - Cartoon Network Collection - Volume 2
MKDE,0xF,GBA Video - Codename Kids Next Door - Volume 1
MDCE,0xF,GBA Video - Disney Channel Collection - Volume 1
MDSE,0xF,GBA Video - Disney Channel Collection - Volume 2
MDRE,0xF,GBA Video - Dora the Explorer - Volume 1
MDBE,0xF,GBA Video - Dragon Ball GT - Volume 1
MNCE,0xF,GBA Video - Nicktoon's Collection - Volume 1
MN2E,0xF,GBA Video - Nicktoons Collection - Volume 2
MN3E,0xF,GBA Video - Nicktoons Volume 3
MPAE,0xF,GBA Video - Pokemon - Volume 1
MPBE,0xF,GBA Video - Pokemon - Volume 2
MPCE,0xF,GBA Video - Pokemon - Volume 3
MPDE,0xF,GBA Video - Pokemon - Volume 4
MSAE,0xF,GBA Video - Shark Tale
MSKE,0xF,GBA Video - Shrek
MSTE,0xF,GBA Video - Shrek + Shark Tale
M2SE,0xF,GBA Video - Shrek 2
MSHE,0xF,GBA Video - Sonic X - Volume 1
MSSE,0xF,GBA Video - SpongeBob SquarePants - Volume 1
MS2E,0xF,GBA Video - SpongeBob SquarePants - Volume 2
MS3E,0xF,GBA Video - SpongeBob SquarePants - Volume 3
MSBE,0xF,GBA Video - Strawberry Shortcake - Volume 1
MSRE,0xF,GBA Video - Super Robot Monkey Team - Volume 1
MTME,0xF,GBA Video - Teenage Mutant Ninja Turtles - Volume 1
MJME,0xF,GBA Video - The Adventures of Jimmy Neutron Boy Genius - Volume 1
MFOE,0xF,GBA Video - The Fairly Odd Parents - Volume 1
MF2E,0xF,GBA Video - The Fairly Odd Parents - Volume 2
MFPE,0xF,GBA Video - The Proud Family - Volume 1
MYGE,0xF,GBA Video - Yu-Gi-Oh! - Yugi vs. Joey - Volume 1
AGBJ,0xF,GBA-SP AV Adaptor
BGKJ,0xE,Gegege no Kitarou - Kikiippatsu! Youkai Rettou
AGEP,0xF,Gekido Advance - Kintaro's Revenge
ANNJ,0x2,Gekitou Densetsu Noah - Dream Management
AZSE,0x0,Gem Smashers
BGJJ,0x9,Genseishin the Justirisers - Souchaku Chikyuu no
BGMJ,0x2,Gensou Maden Saiyuuki - Hangyaku no Toushin-taishi
AGKJ,0xF,Gensou Suikoden - Card Stories
BGIJ,0x9,Get Ride AMDriver - Senkou no Hero Tanjou
BGPJ,0xE,Get Ride! AMDrive Shutsugeki Battle Party
BGBJ,0x2,Get! - Boku no Mushi Tsukamaete
BGFJ,0xE,GetBackers Dakkanya - Jagan Fuuin!
A8GJ,0x9,GetBackers Dakkanya - Metropolis Dakkan Sakusen!
BR8E,0x0,Ghost Rider
AGVJ,0x0,Ghost Trap
B3ZE,0x0,Global Star - Suduoku Feber
AGQP,0x0,Go! Go! Beckham! - Adventure on Soccer Island
AG4E,0xF,Godzilla - Domination!
AGNJ,0x2,Goemon - New Age Shutsudou!
BGGE,0xF,Golden Nugget Casino
AGSE,0x5,Golden Sun
AGFE,0x5,Golden Sun - The Lost Age
AGAE,0x0,Gradius Galaxies
BGTE,0x0,Grand Theft Auto Advance
AG9J,0xE,Greatest Nine
BUSE,0x0,Green Eggs and Ham by Dr. Seuss
BGQE,0x2,Greg Hastings' Tournament Paintball Max'd
AGGE,0xF,Gremlins - Stripe vs Gizmo
ARVJ,0xE,Groove Adventure Rave - Hikari to Yami no Daikessen
ARIJ,0xE,Groove Adventure Rave - Hikari to Yami no Daikessen 2
ACAE,0xF,GT Advance - Championship Racing
AGWE,0x0,GT Advance 2 - Rally Racing
A2GE,0x0,GT Advance 3 - Pro Concept Racing
BJAP,0xF,GT Racers
AGXE,0x7,Guilty Gear X - Advance Edition
BGVE,0x0,Gumby vs. The Astrobots
BHGE,0x2,Gunstar Super Heroes
BGXJ,0x2,Gunstar Super Heroes
AIBJ,0xE,Guranbo
AGCJ,0x7,Guru Logic Champ
ASBJ,0xE,Gyakuten Saiban
A3GJ,0xE,Gyakuten Saiban 2
A3JJ,0xE,Gyakuten Saiban 3
A8EJ,0x0,Hachiemon
BHRJ,0x0,Hagane no Renkinjutsushi - Meisou no Rondo
BH2J,0x0,Hagane no Renkinjutsushi - Omoide no Sonata
A2HJ,0x2,Hajime no Ippo - The Fighting!
AM7J,0xE,Hamepane - Tokyo Mew Mew
A4KJ,0xE,Hamster Club 4
AHBJ,0xE,Hamster Monogatari 2 GBA
A83J,0x2,Hamster Monogatari 3 GBA
BHSJ,0x0,Hamster Monogatari 3EX 4 Special
BHCJ,0x2,Hamster Monogatari Collection
A82J,0x2,Hamster Paradise - Pure Heart
AHAJ,0x2,Hamster Paradise Advance
B85P,0xE,Hamtaro - Ham-Ham Games
AH3E,0xE,Hamtaro - Ham-Ham Heartbreak
A84P,0xE,Hamtaro - Rainbow Rescue
BHAJ,0x9,Hanabi Hyakkei Advance
ADYJ,0x0,Hanafuda Trump Mahjong - Depachika Wayouchuu
BH3E,0x1,Happy Feet
AH6E,0x0,Hardcore Pinball
BHOP,0xF,Hardcore Pool
BHNE,0xF,Harlem Globetrotters - World Tour
BH6J,0x0,Haro no Puyo Puyo
AHQJ,0xE,Harobots - Robo Hero Battling!!
BHPE,0x0,Harry Potter - Quidditch World Cup
A7HE,0x0,Harry Potter and the Chamber of Secrets
BH8E,0x1,Harry Potter and the Goblet of Fire
BJXE,0x0,Harry Potter and the Order of the Phoenix
BHTE,0x2,Harry Potter and the Prisoner of Azkaban
AHRE,0x0,Harry Potter and the Sorcerer's Stone
BJPP,0x3,Harry Potter Collection
ARNJ,0x2,Harukanaru Toki no Naka de
A4NE,0xE,Harvest Moon - Friends of Mineral Town
BFGE,0xE,Harvest Moon - More Friends of Mineral Town
AHSJ,0xE,Hatena Satena
BHJP,0x0,Heidi
BHDJ,0x2,Hello Idol Debut
B86E,0xF,Hello Kitty - Happy Party Pals
AKTJ,0x2,Hello Kitty Collection - Miracle Fashion Maker
B8FE,0x0,Herbie Fully Loaded
AAEE,0xF,Hey Arnold! - The Movie
BHHE,0x0,Hi Hi Puffy - AmiYumi Kaznapped
AHZJ,0x2,Higanbana
ASSE,0x0,High Heat - Major League Baseball 2002
AHHE,0x2,High Heat - Major League Baseball 2003
AHXJ,0x2,High Heat - Major League Baseball 2003
BJ2E,0x0,High School Musical - Livin' the Dream
AHKJ,0xE,Hikaru no Go
AHTJ,0xF,Hikaru no Go - Taikenban
AKEJ,0xE,Hikaru no Go 2
A3HJ,0xE,Hime Kishi Monogatari - Princess Blue
AHIJ,0x2,Hitsuji no Kimochi
BHME,0xF,Home on the Range
BYPP,0x3,Horse & Pony - Let's Ride 2
BHUE,0x2,Horsez
AHPE,0x0,Hot Potato!
AHWE,0x0,Hot Wheels - Burnin' Rubber
BHEE,0xF,Hot Wheels - Stunt Track Challenge
AH8E,0xF,Hot Wheels - Velocity X
BHWE,0xF,Hot Wheels - World Race
BHXE,0xF,Hot Wheels All Out
B7IJ,0xF,Hudson Best Collection 1
B74J,0xF,Hudson Best Collection Vol. 4 - Nazotoki Collection
B75J,0xF,Hudson Best Collection Vol. 5 - Shooting Collection
B76J,0xF,Hudson Best Collection Vol. 6 - Bouken Jima Collection
B72J,0xF,Hudson Collection Vol. 2 - Lode Runner Collection
B73J,0xF,Hudson Collection Vol. 3 - Action Collection
AZHP,0xF,Hugo - Bukkazoom!
AHJE,0x0,Hugo - The Evil Mirror
B2HP,0x0,Hugo 2 in 1 - Bukkazoom! + The Evil Mirror
A8NJ,0xE,Hunter X Hunter - Minna Tomodachi Daisakusen!!
A4CE,0x0,I Spy Challenger!
AIAE,0xF,Ice Age
BIAE,0x0,Ice Age 2 - The Meltdown
AR3E,0x0,Ice Nine
BIVP,0xF,Ignition Collection - Volume 1 (3 Games in 1)
AINJ,0xE,Initial D - Another Stage
AIGE,0xF,Inspector Gadget - Advance Mission
AIRP,0xF,Inspector Gadget Racing
AIKP,0xF,International Karate Advanced
A3KE,0xF,International Karate Plus
AISP,0x2,International Superstar Soccer
AY2P,0x2,International Superstar Soccer Advance
AI9J,0xE,Inukko Club
AIYJ,0xE,Inuyasha - Naraku no Wana! Mayoi no Mori no Shoutaijou
AIVP,0xF,Invader
AI3E,0xF,Iridion 3D
AI2E,0xF,Iridion II
BIRK,0x0,Iron Kid
AXTE,0x0,Island Xtreme Stunts
AIEJ,0xE,Isseki Hattyou - Kore 1ppon de 8syurui!
BPIE,0x2,It's Mr Pants
A2JJ,0x2,J.League - Winning Eleven Advance 2002
AJPJ,0xE,J.League Pocket
AJ2J,0xE,J.League Pocket 2
AC2J,0xE,J.League Pro Soccer Club wo Tsukurou! Advance
AJCE,0x0,Jackie Chan Adventures - Legend of the Darkhand
BNJJ,0x0,Jajamaru Jr. Denshouki - Jaleco Memorial
A7OE,0x0,James Bond 007 - NightFire
AJDE,0xF,James Pond - Codename Robocod
AJJE,0x0,Jazz Jackrabbit
AJRP,0x0,Jet Set Radio
AGMJ,0x7,JGTO Kounin Golf Master Mobile - Japan Golf Tour Game
AJWJ,0x2,Jikkyou World Soccer Pocket
AJKJ,0x2,Jikkyou World Soccer Pocket 2
AJNE,0xF,Jimmy Neutron - Boy Genius
BJYE,0x0,Jimmy Neutron Boy Genius - Attack of the Twonkies
AZGJ,0xE,Jinsei Game Advance
AJUJ,0x7,Jissen Pachi-Slot Hisshouhou! - Juuou Advance
AJME,0x0,Jonny Moseley Mad Trix
BJKE,0x0,Juka and the Monophonic Menace
AJQE,0x0,Jurassic Park III - Island Attack
AJ3E,0xE,Jurassic Park III - Park Builder
ADNE,0x0,Jurassic Park III - The DNA Factor
AJ8J,0x0,Jurassic Park Institute Tour - Dinosaur Rescue
AJLE,0x0,Justice League - Injustice for All
BJLE,0x0,Justice League Chronicles
BJHE,0x0,Justice League Heroes - The Flash
AKVJ,0x2,K-1 Pocket Grand Prix
A2OJ,0x2,K-1 Pocket Grand Prix 2
AKDJ,0xE,Kaeru B Back
BKOJ,0x2,Kaiketsu Zorori to Mahou no Yuuenchi
AKZJ,0x7,Kamaitachi no Yoru Advance
AG2J,0xE,Kami no Kijutsu - Illusion of the Evil Eyes
AKKE,0xF,Kao the Kangaroo
BK8J,0xE,Kappa no Kai-Kata - Katan Daibouken
AYKE,0xF,Karnaaj Rally
AN5J,0x2,Kawa no Nushi Tsuri 5 - Fushigi no Mori Kara
BN4J,0xE,Kawa no Nushitsuri 3 & 4
BKGJ,0xF,Kawaii Pet Game Gallery
BKPJ,0x0,Kawaii Pet Game Gallery 2
A63J,0x2,Kawaii Pet Shop Monogatari 3
ATPJ,0x7,Keitai Denjuu Telefang 2 - Power
ATSJ,0x7,Keitai Denjuu Telefang 2 - Speed
AS3E,0x0,Kelly Slater's Pro Surfer
BKJJ,0xE,Keroro Gunsou Taiketsu Gekisou
BG2J,0x0,Kessakusen Ganbare Goemon 1 and 2
BYLP,0x0,Kid Paddle
B42J,0x0,Kidou Senshi Gundam Seed Destiny
AALJ,0x2,Kidou Tenshi Angelic Layer - Misaki to Yume no Tenshi-tachi
BCXE,0xF,Kid's Cards
XXXE,0xF,Kien
AKIJ,0xF,Kiki KaiKai Advance
BKHE,0x0,Kill Switch
B3LE,0xF,Killer 3D Pool
AEYE,0xF,Kim Possible - Revenge of Monkey Fist
BKME,0x0,Kim Possible 2 - Drakken's Demise
BQPE,0x0,Kim Possible 3 - Team Possible
B8CE,0xE,Kingdom Hearts - Chain of Memories
AK5J,0xE,Kinniku Banzuke - Kimero! Kiseki no Kanzen Seiha
AK4J,0xE,Kinniku Banzuke - Kongou-kun no Daibouken!
A7KE,0xE,Kirby - Nightmare in Dream Land
B8KE,0xE,Kirby & the Amazing Mirror
BWAJ,0x0,Kisekae Angel Series 1 - Wannyan Aidoru Gakuen
BE2J,0x0,Kisekae Angel Series 2 - Charisma Tenin Ikusei Game
A2VJ,0x2,Kisekko Gurumi - Chesty to Nuigurumi-tachi no Mahou no Bouken
B2KJ,0x2,Kiss x Kiss - Seirei Gakuen
AKMJ,0xE,Kiwame Mahjong Deluxe - Mirai Senshi 21
AKLE,0x0,Klonoa - Empire of Dreams
AN6E,0x0,Klonoa 2 - Dream Champ Tournament
AK7J,0x2,Klonoa Heroes - Densetsu no Star Medal
BDIJ,0x0,Koinu to Issho - Aijou Monogatari
BI2J,0x0,Koinu to Issho! 2
BISJ,0x2,Koinu-Chan no Hajimete no Osanpo - Koinu no Kokoro Ikusei Game
AKCE,0xF,Konami Collector's Series - Arcade Advanced
AKWE,0xE,Konami Krazy Racers
BQBJ,0x2,Konchu Monster Battle Master
BQSJ,0x2,Konchu Monster Battle Stadium
BQKJ,0x0,Konchuu no Mori no Daibouken
BK7E,0xF,Kong - King of Atlantis
BKQE,0x0,Kong - The 8th Wonder of the World
AKQE,0xF,Kong - The Animated Series
BKEJ,0x2,Konjiki no Gashbell - The Card Battle for GBA
BKBJ,0xE,Konjiki no Gashbell!! Makai no Bookmark
BGYJ,0x0,Konjiki no Gashbell!! Unare Yuujou no Dengeki
BUDJ,0x0,Konjiki no Gashbell!! Yuujou no Dengeki Dream Tag Tournament
KHPJ,0x0,Koro Koro Puzzle - Happy Panechu!
BK5J,0xE,Korokke Great Toki no Boukensha
A8MJ,0xE,Kotoba no Puzzle - Mojipittan Advance
BK6J,0xE,Kouchu Ouja - Mushi King
A54J,0xE,Koukou Juken Advance Series Eigo Koubun Hen - 26 Units Shuuroku
A53J,0xE,Koukou Juken Advance Series Eijukugo Hen - 650 Phrases Shuuroku
A52J,0xE,Koukou Juken Advance Series Eitango Hen - 2000 Words Shuuroku
B9AJ,0xF,Kunio kun Nekketsu Collection 1
B9BJ,0xF,Kunio Kun Nekketsu Collection 2
B9CJ,0xF,Kuniokun Nekketsu Collection 3
AGOJ,0xE,Kurohige no Golf Shiyouyo
AKUJ,0xE,Kurohige no Kurutto Jintori
AKRP,0xE,Kurukuru Kururin
A9QJ,0xE,Kururin Paradise
ALDE,0x0,Lady Sia
AVDJ,0xE,Legend of Dynamic - Goushouden - Houkai no Rondo
A2LE,0x0,Legends of Wrestling II
BLVJ,0x9,Legendz - Sign of Necrom
BLJJ,0x9,Legendz - Yomigaeru Shiren no Shima
ALBE,0xE,LEGO Bionicle
AL2E,0xE,LEGO Island 2 - The Brickster's Revenge
BKNE,0xF,LEGO Knights Kingdom
ALRE,0x0,LEGO Racers 2
BLWE,0x0,LEGO Star Wars - The Video Game
BL7E,0x0,LEGO Star Wars II - The Original Trilogy
BLYE,0x0,Lemony Snicket's A Series of Unfortunate Events
BEFE,0x2,Let's Ride - Friends Forever
B34E,0x2,Let's Ride! - Sunshine Stables
BL9E,0x2,Let's Ride! Dreamer
BRNJ,0xE,Licca-Chan no Oshare Nikki
BRPJ,0x2,Liliput Oukoku
ALTE,0xF,Lilo & Stitch
BLSE,0x0,Lilo & Stitch 2 - Hamsterveil Havoc
ALQJ,0xE,Little Buster Q
BEIE,0xF,Little Einsteins
ALCE,0xF,Little League Baseball 2002
BLIJ,0x2,Little Patissier Cake no Oshiro
BLME,0x2,Lizzie McGuire
BL2E,0x0,Lizzie McGuire 2 - Lizzie Diaries
BL4E,0x9,Lizzie McGuire 2 - Lizzie Diaries - Special Edition
BL3E,0x0,Lizzie McGuire 3 - Homecoming Havoc
A39J,0x0,Lode Runner
BLTE,0x0,Looney Tunes - Back in Action
BLNE,0x0,Looney Tunes Double Pack - Dizzy Driving + Acme Antics
ALHJ,0x0,Love Hina Advance - Shukufuku no Kane ha Naru Kana
ALLP,0xF,Lucky Luke - Wanted!
AGDE,0xE,Lufia - The Ruins of Lore
ALNE,0x2,Lunar Legend
AMLE,0x0,M&M's Blast!
BEME,0xF,M&M's Break' Em
BGZE,0x0,Madagascar
BM7E,0x0,Madagascar - Operation Penguin
B6ME,0x2,Madden NFL 06
B7ME,0x2,Madden NFL 07
A2ME,0x0,Madden NFL 2002
ANJE,0x2,Madden NFL 2003
BMDE,0x2,Madden NFL 2004
BMFE,0x2,Madden NFL 2005
A2IJ,0x2,Magi Nation
AJOJ,0x7,Magical Houshin
AQME,0x0,Magical Quest 2 Starring Mickey & Minnie
BMQE,0x0,Magical Quest 3 Starring Mickey and Donald
A3ME,0x0,Magical Quest Starring Mickey & Minnie
AMVJ,0x7,Magical Vacation
AMPJ,0xE,Mahjong Police
BNGJ,0xE,Mahou Sensei Negima
BNMJ,0xE,Mahou Sensei Negima! Private Lesson 2
AMCJ,0x5,Mail de Cute
B2YE,0xF,Major League Baseball 2k7
ACOJ,0x2,Manga-ka Debut Monogatari
A4MP,0xF,Manic Miner
B68E,0xF,Marble Madness - Klax
BQLE,0xF,March of the Penguins
BM9J,0xE,Marheaven - Knockin' on Heaven's Door
ANSJ,0x2,"Marie, Elie & Anis no Atelier - Soyokaze Kara no Dengon"
A88E,0x2,Mario & Luigi - Superstar Saga
BMGE,0xE,Mario Golf - Advance Tour
AMKE,0x7,Mario Kart - Super Circuit
B8ME,0x2,Mario Party Advance
BMVE,0x0,Mario Pinball Land
BTME,0xE,Mario Tennis - Power Tour
BM5E,0x9,Mario vs. Donkey Kong
B4ME,0x0,Marvel - Ultimate Alliance
AKSE,0x0,Mary-Kate and Ashley - Girls Night Out
AAYE,0xF,Mary-Kate and Ashley Sweet 16 - Licensed to Drive
AGUE,0xF,Masters of the Universe - He-Man Power of Grayskull
AHOE,0x0,Mat Hoffman's Pro BMX
AH2E,0x0,Mat Hoffman's Pro BMX 2
BMRJ,0x2,Matantei Loki Ragnarok - Gensou no Labyrinth
ARQE,0xF,Matchbox Cross Town Heroes
BIYE,0x0,Math Patrol - The Kleptoid Threat
BMEE,0x0,Max Payne
BEEP,0x1,Maya The Bee - Sweet Gold
ABVP,0xF,Maya the Bee - The Great Adventure
BFQE,0x2,Mazes of Fate
AKGE,0x2,Mech Platoon
A8BE,0x2,Medabots - Metabee Version
A9BE,0x2,Medabots - Rokusho Version
AK8E,0x2,Medabots AX - Metabee Version
AK9E,0x2,Medabots AX - Rokusho Version
BMHE,0x0,Medal of Honor - Infiltrator
AUGE,0xF,Medal of Honor - Underground
A5KJ,0x2,Medarot 2 Core - Kabuto Version
A5QJ,0x2,Medarot 2 Core - Kuwagata Version
AGHJ,0x2,Medarot G - Kabuto Version
AGIJ,0x2,Medarot G - Kuwagata Version
ANAJ,0x7,Medarot Navi - Kabuto
AVIJ,0x7,Medarot Navi - Kuwagata
BRHE,0x0,Meet the Robinsons
A89E,0xE,MegaMan - Battle Chip Challenge
A6ME,0x2,MegaMan & Bass
AREE,0xE,MegaMan Battle Network
AE2E,0xE,MegaMan Battle Network 2
AM2P,0xE,MegaMan Battle Network 2
A3XE,0xE,MegaMan Battle Network 3 Blue
A6BE,0xE,MegaMan Battle Network 3 White
B4BE,0xE,Megaman Battle Network 4 - Blue Moon
B4WE,0xE,MegaMan Battle Network 4 - Red Sun
BRKE,0xE,Megaman Battle Network 5 - Team Colonel
BRBE,0xE,Megaman Battle Network 5 - Team Protoman
BR6E,0xE,MegaMan Battle Network 6 - Cybeast Falzar
BR5E,0xE,MegaMan Battle Network 6 - Cybeast Gregar
AZCE,0xE,MegaMan Zero
A62E,0xE,MegaMan Zero 2
BZ3E,0xE,Megaman Zero 3
B4ZE,0x2,Megaman Zero 4
BQVP,0x2,Meine Tierarztpraxis
AC4J,0x2,Meitantei Conan - Nerawareta Tantei
BQAJ,0x2,Meitantei Conan Akatsuki no Monument
AMIE,0xF,Men in Black - The Series
B3MJ,0xE,Mermaid Melody - Pichi Pichi Picchi Pichi Pichitto Live Start
BMAJ,0xE,Mermaid Melody - Pichi Pichi Pitch
BM8J,0xE,Mermaid Melody - Pichi Pichi Pitch Pichi Pichi Party
A9TJ,0x2,Metal Max 2 - Kai Version
BSME,0x0,Metal Slug Advance
AAPJ,0x2,Metalgun Slinger
BMXE,0xE,Metroid - Zero Mission
AMTE,0xE,Metroid Fusion
BMKJ,0x9,Mezase Koushien
BM3J,0x0,Mickey to Donald no Magical Quest 3
A29J,0x0,Mickey to Minnie no Magical Quest 2
BM4J,0x0,Mickey to Pocket Resort
AXZP,0xF,Micro Machines
AMQE,0xF,Midnight Club - Street Racing
AM3E,0xF,Midway's Greatest Arcade Hits
BMBE,0x0,Mighty Beanz - Pocket Puzzles
AM6E,0x0,Mike Tyson Boxing
AM9P,0x0,Mike Tyson Boxing
B62E,0xF,Millipede - Super Break Out - Lunar Lander
AODJ,0x0,Minami no Umi no Odyssey
AHCJ,0xE,Minimoni - Mika no Happy Morning Chatty
AOHJ,0x0,Minimoni - Onegai Ohoshi-sama!
BMJJ,0x0,Minna no Mahjong
BMOJ,0xE,Minna no Ouji-sama
BKKJ,0x2,Minna no Shiiku Series - Boku no Kabuto-Kuwagata
AB7J,0xE,Minna no Shiiku Series 1 - Boku no Kabuto Mushi
AW7J,0xE,Minna no Shiiku Series 2 - Boku no Kuwagata
BTLJ,0x0,Minna no Soft Series - Happy Trump 20
BHYJ,0x0,Minna no Soft Series - Hyokkori Hyoutan-jima - Don Gabacho Daikatsuyaku no Maki
BSGJ,0x0,Minna no Soft Series - Minna no Shogi
ARME,0x0,Minority Report
B3IJ,0x0,Mirakuru! Panzou - 7 Tsuno Hosh no Kaizoku
AIHE,0x0,Mission Impossible - Operation Surma
A5ME,0xF,MLB SlugFest 20-04
AMBJ,0x7,Mobile Pro Yakyuu - Kantoku no Saihai
BGNE,0xF,Mobile Suit Gundam Seed - Battle Assault
BJCJ,0x0,Moero! Jaleco Collection
BM2J,0x2,Momotarou Densetsu G Gold Deck wo Tsukure!
AMMJ,0xE,Momotarou Matsuri
BUME,0xF,Monopoly
AM8E,0x0,Monster Force
ANFJ,0xE,Monster Gate
A6GJ,0xE,Monster Gate - Ooinaru Dungeon - Fuuin no Orb
AMNJ,0xE,Monster Guardians
BQ7E,0x0,Monster House
AJAE,0xE,Monster Jam - Maximum Destruction
AA4J,0xE,Monster Maker 4 - Flash Card
AA5J,0xE,Monster Maker 4 - Killer Dice
AMFE,0xE,Monster Rancher Advance
A2QE,0xE,Monster Rancher Advance 2
A3NJ,0xE,Monster Summoner
BMTE,0x0,Monster Truck Madness
BMCE,0xF,Monster Trucks
BYME,0xF,Monster Trucks Mayhem
A4BE,0xF,Monster! Bass Fishing
AMXE,0xF,"Monsters, Inc."
AU3P,0x0,Moorhen 3 - The Chicken Chase!
AMSJ,0xE,Morita Shougi Advance
AXDE,0x0,Mortal Kombat - Deadly Alliance
AW4E,0x0,Mortal Kombat - Tournament Edition
AM5E,0xF,Mortal Kombat Advance
A2UJ,0xE,Mother 1+2
A3UJ,0x9,Mother 3
AM4E,0xF,Moto GP
A9ME,0xE,Moto Racer Advance
AMRE,0x0,Motocross Maniacs Advance
BR2E,0xE,Mr. Driller 2
AD2P,0xE,Mr. Driller 2
AD5J,0xE,Mr. Driller A - Fushigi na Pacteria
AZRP,0xF,Mr. Nutz
BPCE,0x0,Ms. Pac-Man - Maze Madness
B6PE,0x0,Ms. Pac-Man - Maze Madness + Pac-Man World
BMLE,0x0,Mucha Lucha - Mascaritas of the Lost Code
AG6J,0xE,Mugenborg
AMWE,0x0,Muppet Pinball Mayhem
AMUJ,0xE,Mutsu - Water Looper Mutsu
A2XE,0xF,MX 2002 - Featuring Ricky Carmichael
BFRP,0x3,My Animal Centre in Africa
BL6E,0xF,My Little Pony - Crystal Princess - The Runaway Rainbow
BQTP,0x2,My Pet Hotel
AKPJ,0xE,Nakayoshi Mahjong - Kaburiichi
AH7J,0x2,Nakayoshi Pet Advance Series 1 - Kawaii Hamster
AI7J,0x2,Nakayoshi Pet Advance Series 2 - Kawaii Koinu
BKIJ,0x2,Nakayoshi Pet Advance Series 4 - Kawaii Koinu Mini - Wankoto Asobou!! Kogata-ken
AHVJ,0x2,Nakayoshi Youchien - Sukoyaka Enji Ikusei Game
ANME,0xF,Namco Museum
B5NE,0xF,Namco Museum - 50th Anniversary
ANDE,0xF,Nancy Drew - Message in a Haunted Mansion
ANPJ,0xE,Napoleon
AYRJ,0xE,Narikiri Jockey Game - Yuushun Rhapsody
AUEJ,0xE,Naruto - Konoha Senki
A7AE,0x0,Naruto - Ninja Council
BN2E,0xE,Naruto Ninja Council 2
BNRJ,0xE,Naruto RPG - Uketsugareshi Hi no Ishi
ANHE,0x0,NASCAR Heat 2002
AN2J,0x7,Natural 2 - Duo
ABNE,0xF,NBA Jam 2002
BNWE,0x0,Need for Speed - Most Wanted
AZFE,0x0,Need for Speed - Porsche Unleashed
BNSE,0x0,Need for Speed - Underground
BNFE,0x0,Need for Speed - Underground 2
BN7E,0x0,Need for Speed Carbon - Own the City
ABZE,0xF,NFL Blitz 20-02
ANKE,0xF,NFL Blitz 20-03
ATXP,0x0,NGT - Next Generation Tennis
ANLE,0x2,NHL 2002
AN4E,0x0,NHL Hitz 20-03
BUJE,0xF,Nicktoons - Attack of the Toybots
BNVE,0x0,Nicktoons - Battle for Volcano Island
BCCE,0x0,Nicktoons - Freeze Frame Frenzy
ANQE,0x0,Nicktoons Racing
BNUE,0xF,Nicktoons Unite!
ANXE,0x0,Ninja Five-O
ANTJ,0x2,Nippon Pro Mahjong Renmei Kounin - Tetsuman Advance
AGPE,0xF,No Rules - Get Phat
ANOJ,0xE,Nobunaga Ibun
ANBJ,0x7,Nobunaga no Yabou
BNKE,0xF,Noddy - A day in Toyland
BKRJ,0x0,Nonono Puzzle Chailien
BNYJ,0x0,Nyan Nyan Nyanko no Nyan Collection
BO2J,0x2,Ochainu no Bouken Jima
BIKJ,0x3,Ochainuken Kururin
BDRJ,0x0,Ochaken no Heya
BCUJ,0x0,Ochaken no Yumebouken
BODE,0xF,Oddworld - Munch's Oddysee
A87J,0x2,Ohanaya-San Monogatari GBA
BOJJ,0x0,Ojarumaru - Gekkouchou Sanpo de Ojaru
AOKJ,0xE,Okumanchouja Game - Nottori Daisakusen!
BONE,0x0,One Piece
BIPJ,0x2,One Piece - Dragon Dream
B08J,0x2,One Piece - Going Baseball
BO8K,0x2,One Piece - Going Baseball Haejeok Yaku
AUSJ,0xE,One Piece - Mezase! King of Berries
AO7J,0xE,One Piece - Nanatsu Shima no Daihihou
A6OE,0x2,Onimusha Tactics
BITJ,0x2,Onmyou Taisenki Zeroshik
BOAE,0x0,Open Season
BAAE,0xF,Operation Armored Liberty
AORJ,0xE,Oriental Blue - Ao no Tengai
AICJ,0x7,Oshaberi Inko Club
AOPJ,0x2,Oshare Princess
AO2J,0x2,Oshare Princess 2
BO3J,0x2,Oshare Princess 3
BO5J,0x0,Oshare Princess 5
A5SJ,0x2,Oshare Wanko
BOFD,0xF,Ottifanten Pinball
BH5E,0x1,Over the Hedge
BH7E,0x0,Over the Hedge - Hammy Goes Nuts
BOZE,0xF,Ozzy & Drix
APCE,0xF,Pac-Man Collection
BP8E,0xF,Pac-Man Pinball Advance
BPAE,0x0,Pac-Man World
B2CE,0xF,Pac-Man World 2
B6BE,0xF,Paperboy - Rampage
BBQJ,0xE,Pawa Poke Dash
BURE,0x2,Paws & Claws - Pet Resort
BPKP,0x0,Payback
BPZJ,0x0,Pazunin - Uminin No Puzzle de Nimu
APPE,0xF,Peter Pan - Return to Neverland
BPTE,0x2,Peter Pan - The Motion Picture Event
AJHE,0xE,Petz - Hamsterz Life 2
BNBE,0x2,Petz Vet
BPVP,0x3,Pferd & Pony - Mein Pferdehof
APXE,0x0,Phalanx - The Enforce Fighter A-144
AYCE,0x2,Phantasy Star Collection
BFXE,0x0,Phil of the Future
BP3J,0x2,Pia Carrot he Youkoso!! 3.3
A9NE,0xF,Piglet's Big Game
BPNJ,0x2,Pika Pika Nurse Monogatari - Nurse Ikusei Game
APZP,0x0,Pinball Advance
APLP,0xF,Pinball Challenge Deluxe
A2TE,0xF,Pinball Tycoon
APEE,0xF,Pink Panther - Pinkadelic Pursuit
AP7P,0xF,Pink Panther - Pinkadelic Pursuit
APIP,0xF,Pinky and the Brain - The Masterplan
APNJ,0x2,Pinky Monkey Town
APBE,0xE,Pinobee - Wings of Adventure
AP6J,0x0,Pinobee & Phoebee
B8QE,0x0,Pirates of the Caribbean - Dead Man's Chest
A8QE,0xF,Pirates of the Caribbean - The Curse of the Black Pearl
BPHE,0x0,Pitfall - The Lost Expedition
APFE,0xF,Pitfall - The Mayan Adventure
BQ9Q,0x0,Pixeline i Pixieland
APME,0xF,Planet Monsters
AYNE,0xF,Planet of the Apes
ASHJ,0xE,Play Novel - Silent Hill
BTDE,0x0,Pocket Dogs
AP9P,0xE,Pocket Music
BPJE,0x0,Pocket Professor - Kwik Notes Vol. 1
APKE,0xF,Pocky & Rocky with Becky
BPEE,0xA,Pokemon - Emerald Version
BPRE,0xA,Pokemon - Fire Red Version
BPGE,0xA,Pokemon - Leaf Green Version
AXVE,0xA,Pokemon - Ruby Version
AXPE,0xA,Pokemon - Sapphire Version
B24E,0xB,Pokemon Mystery Dungeon - Red Rescue Team
BPPE,0xE,Pokemon Pinball - Ruby & Sapphire
BIIE,0x9,Polarium Advance
B3FE,0xF,Polly Pocket!
AOTE,0xF,Polly! Pocket - Super Splash Island
APOE,0xF,Popeye - Rush for Spinach
BROP,0xF,Postman Pat and the Greendale Rocket
B8PJ,0xE,Power Pro Kun Pocket 1&2
AP3J,0xE,Power Pro Kun Pocket 3
AP4J,0xE,Power Pro Kun Pocket 4
A5PJ,0xE,Power Pro Kun Pocket 5
BP6J,0xE,Power Pro Kun Pocket 6
BP7J,0xE,Power Pro Kun Pocket 7
BPOE,0xF,Power Rangers - Dino Thunder
BPWE,0xF,Power Rangers - Ninja Storm
BRDE,0xF,Power Rangers - S.P.D.
APRE,0xF,Power Rangers - Time Force
APWE,0xF,Power Rangers - Wild Force
APHE,0xF,Prehistorik Man
BAQP,0x2,Premier Action Soccer
BPMP,0x9,Premier Manager 2003-04
BP4P,0x9,Premier Manager 2004 - 2005
BP5P,0x9,Premier Manager 2005 - 2006
BPYE,0x0,Prince of Persia - The Sands of Time
B2QP,0x0,Prince of Persia - The Sands of Time + Tomb Raider - The Prophecy
BNPE,0xF,Princess Natasha - Student Secret Agent
B2OJ,0x2,Pro Mahjong - Tsuwamono GBA
ALMJ,0xE,Pro Yakyuu Team wo Tsukurou! Advance
APUJ,0x2,PukuPuku Tennen Kairanban
BPQJ,0x2,PukuPuku Tennen Kairanban - Koi no Cupid Daisakusen
B3PJ,0x2,Pukupuku Tennen Kairanban Youkoso Illusion Land
APGE,0xF,Punch King - Arcade Boxing
BYXE,0x0,Puppy Luv - Spa and Resort
APYE,0x0,Puyo Pop
BPFP,0x0,Puyo Pop Fever
AEHJ,0x2,Puzzle & Tantei Collection
BPBJ,0xE,Pyuu to Fuku! Jaguar - Byo to Deru! Megane Kun
BQDE,0xF,Quad Desert Fury
BRWP,0xF,Racing Fever
BRAE,0x0,Racing Gears Advance
ARXE,0xF,Rampage - Puzzle Attack
BRFE,0x0,Rapala Pro Fishing
BNLE,0xF,Ratatouille
BRME,0xE,Rave Master - Special Attack Force
BX5E,0x2,Rayman - 10th Anniversary
BRYE,0x0,Rayman - Hoodlum's Revenge
BQ3E,0x0,Rayman - Raving Rabbids
AYZE,0x0,Rayman 3
ARYE,0x0,Rayman Advance
ARFE,0xF,Razor Freestyle Scooter
AR2E,0xF,Ready 2 Rumble Boxing - Round 2
BRLE,0x2,Rebelstar - Tactical Command
ARHJ,0xE,Recca no Honoo - The Game
AR9E,0xF,Reign of Fire
BR9J,0x0,Relaxuma na Mainichi
AQHE,0xF,Rescue Heroes - Billy Blazes!
BRIJ,0xE,Rhythm Tengoku
B66E,0xF,Risk - Battleship - Clue
BDTE,0x2,River City Ransom EX
BREE,0xE,Riviera - The Promised Land
A9RE,0xF,Road Rash - Jailbreak
ACVE,0x7,Robopon 2 - Cross Version
ARPE,0x7,Robopon 2 - Ring Version
ARUE,0x0,Robot Wars - Advanced Destruction
ARWP,0x0,Robot Wars - Advanced Destruction
ARSP,0x0,Robot Wars - Extreme Destruction
ARBE,0x0,Robotech - The Macross Saga
BRTE,0x1,Robots
BR7E,0xF,Rock 'Em Sock 'Em Robots
A4RE,0x0,Rock N' Roll Racing
AR4E,0xF,Rocket Power - Beach Bandits
ARKE,0xF,Rocket Power - Dream Scheme
AZZE,0xF,Rocket Power - Zero Gravity Zone
AFCJ,0x2,RockMan & Forte
BR4J,0x8,Rockman EXE 4.5 - Real Operation
ARZJ,0xE,RockMan Zero
AR8E,0x0,Rocky
AROP,0x0,Rocky
A8TJ,0x9,RPG Tsukuru Advance
BR3E,0xF,R-Type III
ARGE,0xF,Rugrats - Castle Capers
A5WE,0xF,Rugrats - Go Wild
AR5E,0xF,Rugrats - I Gotta Go Party
AWUE,0x2,Sabre Wulf
A3BE,0xF,Sabrina - The Teenage Witch - Potion Commotion
ASMJ,0xE,Saibara Rieko no Dendou Mahjong
ACLJ,0xE,Sakura Momoko no UkiUki Carnival
AS5E,0x0,Salt Lake 2002
AWGP,0x0,Salt Lake 2002
AOSE,0x0,Samurai Deeper Kyo
AECJ,0xE,Samurai Evolution - Oukoku Geist
AJTE,0x0,Samurai Jack - The Amulet of Time
ASXJ,0x7,San Goku Shi
B3EJ,0x9,San Goku Shi Eiketsuden
B3QJ,0x9,San Goku Shi Koumeiden
A85J,0x2,Sanrio Puroland All Characters
ASNJ,0x2,Sansara Naga 1x2
AXXP,0x0,Santa Claus Jr. Advance
AUZE,0xF,Santa Claus Saves the Earth
A57J,0xE,Scan Hunter - Sennen Kaigyo wo Oe!
AP8P,0x2,Scooby-Doo
AP8E,0x0,Scooby-Doo - The Motion Picture
BMUE,0xF,Scooby-Doo 2 - Monsters Unleashed
ASDE,0xF,Scooby-Doo and the Cyber Chase
BMME,0x0,Scooby-Doo! - Mystery Mayhem
B25E,0xF,Scooby-Doo! - Unmasked
AQBP,0xE,Scrabble
BLAE,0xF,Scrabble Blast!
BHVE,0x0,Scurge - Hive
BGEE,0x0,SD Gundam Force
BG4J,0x0,SD Gundam Force
BGAJ,0x2,SD Gundam G Generation
ALJE,0x2,Sea Trader - Rise of Taipan
AAHE,0xF,Secret Agent Barbie - Royal Jewels Mission
AYPE,0xF,Sega Arcade Gallery
AYLE,0xE,Sega Rally Championship
A3PE,0xF,Sega Smash Pack
A7GJ,0xE,Sengoku Kakumei Gaiden
BKAJ,0xB,Sennen Kazoku
BSYJ,0xE,Sentouin - Yamada Hajime
AENE,0xF,Serious Sam Advance
BHLE,0xE,Shaman King - Legacy of the Spirits - Soaring Hawk
BWSE,0xE,Shaman King - Legacy of the Spirits - Sprinting Wolf
BSOE,0xE,Shaman King - Master of Spirits
AKAJ,0xE,Shaman King Card Game - Chou Senjiryakketsu 2
AL3J,0xE,Shaman King Card Game - Chou Senjiryakketsu 3
BBAE,0x1,Shamu's Deep Sea Adventures
BSHJ,0x0,Shanghai
ASVJ,0x0,Shanghai Advance
BSUE,0x0,Shark Tale
B9TJ,0x0,Shark Tale
ASCE,0xF,Shaun Palmer's Pro Snowboarder
AEPP,0x2,Sheep
A6RE,0xE,Shifting Gears - Road Trip
B4KJ,0x2,Shikakui Atama wo Marukusuru Advance - Kanji Keisan
B4RJ,0x2,Shikakui Atama wo Marukusuru Advance - Kokugo Sansu Rika Shakai
A64J,0x2,Shimura Ken no Baka Tonosama
U33J,0x2,Shin Bokura no Taiyou - Gyakushuu no Sabata
AAUJ,0xE,Shin Megami Tensei
BDLJ,0xE,Shin Megami Tensei - Devil Children Messiah Riser
A5TJ,0xE,Shin Megami Tensei 2
BDHJ,0xE,Shin Megami Tensei Devil Children - Honoo no Sho
BDYJ,0xE,Shin Megami Tensei Devil Children - Koori no Sho
A8ZJ,0x2,Shin Megami Tensei Devil Children - Puzzle de Call!
ARAJ,0xE,Shin Nippon Pro Wrestling Toukon Retsuden Advance
BKVJ,0x2,Shingata Medarot - Kabuto Version
BKUJ,0x2,Shingata Medarot - Kuwagata Version
AF5E,0xE,Shining Force - Resurrection of the Dark Dragon
AHUP,0x9,Shining Soul
AU2E,0x9,Shining Soul II
ANVJ,0xE,Shiren Monsters - Netsal
B2ME,0xE,Shonen Jump's Shaman King - Master of Spirits 2
AH4E,0x0,Shrek - Hassle at the Castle
AOIE,0x0,Shrek - Reekin' Havoc
B4IE,0x0,Shrek - Smash n' Crash Racing
B4UE,0x0,Shrek - Super Slam
AS4E,0x0,Shrek - Swamp Kart Speedway
BSEE,0x0,Shrek 2
BSIE,0x0,Shrek 2 - Beg for Mercy
B3HE,0x0,Shrek the Third
B3GE,0x0,Sigma Star Saga
AIPE,0x0,Silent Scope
A7IJ,0xE,Silk to Cotton
A5CE,0x2,Sim City 2000
AZKJ,0x0,Simple 2960 Tomodachi Series Vol. 1 - The Table Game Collection
AZ9J,0x0,Simple 2960 Tomodachi Series Vol. 2 - The Block Kuzushi
BS3J,0x0,Simple 2960 Tomodachi Series Vol. 3 - The Itsudemo Puzzle
BS4J,0x0,Simple 2960 Tomodachi Series Vol. 4 - The Trump
AAJJ,0xE,Sin Kisekae Monogatari
A4PJ,0x0,Sister Princess - RePure
BSDE,0xF,Sitting Ducks
B4DE,0xF,Sky Dancers - They Magically Fly!
A9KJ,0x0,Slime Morimori Dragon Quest - Shougeki no Shippo Dan
ATBJ,0x2,Slot! Pro 2 Advance - GoGo Juggler & New Tairyou
ASFJ,0x2,Slot! Pro Advance - Takarabune & Ooedo Sakurafubuki 2
BSVE,0xF,Smashing Drive
ASGE,0xF,Smuggler's Run
AEAJ,0xE,Snap Kid's
ASQE,0xF,Snood
B2VE,0xF,Snood 2 - On Vacation
AK6E,0xF,Soccer Kid
ALSE,0x0,Soccer Mania
ASOE,0x7,Sonic Advance
A2NE,0x9,Sonic Advance 2
B3SE,0x9,Sonic Advance 3
BSBP,0x9,Sonic Battle
A3VE,0x9,Sonic Pinball Party
A86J,0x9,Sonic Pinball Party
BIJE,0x0,Sonic The Hedgehog - Genesis
B67E,0xF,Sorry! - Aggravation - Scrabble Junior
A5UE,0x0,Space Channel 5 - Ulala's Cosmic Attack
AJSJ,0xE,Space Hexcite - Maetel Legend EX
AIDE,0x0,Space Invaders
AS6P,0x0,Speedball 2 - Brutal Deluxe
AKXE,0x0,Spider-Man
BC9E,0x0,Spider-Man - Battle For New York
ASEE,0xF,Spider-Man - Mysterio's Menace
BSPE,0x0,Spider-Man 2
BI3E,0x0,Spider-Man 3
AC6E,0xF,Spirit - Stallion of the Cimarron
AWNE,0xF,Spirit & Spells
BSQE,0xF,SpongeBob SquarePants - Battle for Bikini Bottom
BQ4E,0x0,SpongeBob SquarePants - Creature from the Krusty Krab
BQQE,0x0,"SpongeBob SquarePants - Lights, Camera, Pants!"
AQ3E,0xF,SpongeBob SquarePants - Revenge of the Flying Dutchman
ASPE,0xF,SpongeBob SquarePants - SuperSponge
BZXE,0xF,SpongeBob's Atlantis Squarepantis
AKBE,0xE,Sports Illustrated for Kids - Baseball
AKFE,0xE,Sports Illustrated for Kids - Football
B23E,0x0,Sportsman's Pack - Cabela's Big Game Hunter + Rapala Pro Fishing
B6AE,0xF,Spy Hunter - Super Sprint
AV3E,0x0,Spy Kids 3-D - Game Over
A2KE,0x0,Spy Kids Challenger
BSSE,0xF,Spy Muppets - License to Croak
AHNE,0x0,SpyHunter
AOWE,0x2,Spyro - Attack of the Rhynocs
ASYE,0x0,Spyro - Season of Ice
A2SE,0x2,Spyro 2 - Season of Flame
A4SJ,0x0,Spyro Advance
BS8J,0x0,Spyro Advance - Wakuwaku Tomodachi
BSTE,0x0,Spyro Orange - The Cortex Conspiracy
B8SE,0x2,Spyro Superpack - Season of Ice + Season of Flame
BSXE,0x0,SSX 3
AXYE,0x0,SSX Tricky
A9GE,0xF,Stadium Games
BSWE,0xF,Star Wars - Flight of the Falcon
ASWE,0xF,Star Wars - Jedi Power Battles
A2WE,0xF,Star Wars - The New Droid Army
AS2E,0xF,Star Wars Episode II - Attack of the Clones
BE3E,0x0,Star Wars Episode III - Revenge of the Sith
BCKE,0x0,Star Wars Trilogy - Apprentice of the Force
AS8E,0xF,Star X
AYHE,0x0,Starsky & Hutch
BKTP,0x1,Steel Empire
ATUP,0x0,Steven Gerrard's Total Soccer 2002
B35E,0xF,Strawberry Shortcake - Summertime Adventure
BQWE,0xF,Strawberry Shortcake - Summertime Adventure - Special Edition
B4TE,0x0,Strawberry Shortcake - Sweet Dreams
AZUE,0x2,Street Fighter Alpha 3 - Upper
A3ZE,0x0,Street Jam Basketball
BCZE,0x0,Street Racing Syndicate
AFHE,0xF,Strike Force Hydra
ASLE,0xF,Stuart Little 2
AUXP,0x0,Stuntman
B4LJ,0x2,Sugar Sugar Une - Heart Gaippai! Moegi Gakuen
AB4E,0x2,Summon Night - Swordcraft Story
BSKE,0x2,Summon Night - Swordcraft Story 2
B3CJ,0x3,Summon Night Craft Sword Monogatari - Hajimari no Ishi
BG6E,0xF,Super Army War
AVZE,0x0,Super Bubble Pop
ABME,0xF,Super Bust-A-Move
BSAJ,0x0,Super Chinese 1 - 2 Advance
BCLE,0xF,Super Collapse! II
ADFE,0xE,Super Dodge Ball Advance
BDPE,0x0,Super Duper Sumos
AG5E,0x0,Super Ghouls 'N Ghosts
BF8E,0xF,Super Hornet FA 18F
AMAE,0x0,Super Mario Advance
AMZE,0x0,Super Mario Advance (Kiosk Demo)
AX4E,0xB,Super Mario Advance 4 - Super Mario Bros. 3
AA2E,0x2,Super Mario World - Super Mario Advance 2
ALUE,0x0,Super Monkey Ball Jr.
AZ8E,0x0,Super Puzzle Fighter II Turbo
BDMJ,0x0,Super Real Mahjong Dousoukai
AOGE,0x9,Super Robot Taisen - Original Generation
B2RE,0x9,Super Robot Taisen - Original Generation 2
ASRJ,0x7,Super Robot Taisen A
A6SJ,0x9,Super Robot Taisen D
B6JJ,0x9,Super Robot Taisen J
AJ9J,0x7,Super Robot Taisen R
AXRE,0x0,Super Street Fighter II Turbo - Revival
ASUE,0xF,Superman - Countdown to Apokolips
BQXE,0x0,Superman Returns - Fortress of Solitude
BXUE,0x0,Surf's Up
ASKJ,0xE,Sutakomi - Star Communicator
ABGJ,0x2,Sweet Cookie Pie
AVSE,0x9,Sword of Mana
BSFJ,0x2,Sylvania Family - Fashion Designer ni Naritai
A4LJ,0x2,Sylvania Family 4 - Meguru Kisetsu no Tapestry
BS5J,0x2,Sylvanian Family - Yousei no Stick to Fushigi no Ki
ATOE,0x7,Tactics Ogre - The Knight of Lodis
BU6J,0x0,Taiketsu! Ultra Hero
BJWE,0x0,Tak - The Great Juju Challenge
BT9E,0x0,Tak 2 - The Staff of Dreams
BJUE,0x0,Tak and the Power of Juju
AN8E,0x2,Tales of Phantasia
AN9J,0x2,Tales of the World - Narikiri Dungeon 2
B3TJ,0x2,Tales of the World - Narikiri Dungeon 3
A9PJ,0xE,Tales of the World - Summoner's Lineage
AYMJ,0xE,Tanbi Musou - Meine Liebe
ATAE,0x0,Tang Tang
BTIJ,0xE,Tantei Gakuen Q - Kyukyoku Trick ni Idome!
BTQJ,0xE,Tantei Gakuen Q - Meitantei ha Kimi da!
BT3J,0x2,Tantei Jinguuji Saburou Shiroi Kage no Syoujyo
AJGE,0x0,Tarzan - Return to the Jungle
AXQF,0xF,Taxi 3
BBLE,0x0,Teen Titans
BZUE,0x0,Teen Titans 2
BNTE,0x0,Teenage Mutant Ninja Turtles
BT2E,0x2,Teenage Mutant Ninja Turtles 2 - Battlenexus
BT8E,0x2,Teenage Mutant Ninja Turtles Double Pack
ATKE,0x0,Tekken Advance
BTPE,0xF,Ten Pin Alley 2
AT8P,0x0,Tennis Masters Series 2003
AVAJ,0xE,Tennis no Ouji-sama - Aim at the Victory!
ATIJ,0x7,Tennis no Ouji-sama - Genius Boys Academy
A9LJ,0xE,Tennis no Ouji-sama 2003 - Cool Blue
A8RJ,0xE,Tennis no Ouji-sama 2003 - Passion Red
B4GJ,0xE,Tennis no Ouji-sama 2004 - Glorious Gold
B4SJ,0xE,Tennis no Ouji-sama 2004 - Stylish Silver
AO3E,0xF,Terminator 3 - Rise of the Machines
BTTJ,0x0,Tetris Advance
ATWE,0xF,Tetris Worlds
BXAE,0xF,Texas Hold 'Em Poker
BRVE,0x0,That's So Raven
BZSE,0x0,Thats So Raven 2 - Supernatural Style
BJNE,0xF,The Adventures of Jimmy Neutron - Boy Genius - Jet Fusion
AJXE,0xF,The Adventures of Jimmy Neutron vs Jimmy Negatron
A7ME,0xF,The Amazing Virtual Sea Monkeys
BUYE,0x0,The Ant Bully
BBIE,0x0,The Barbie Diaries - High School Mystery
BKFE,0x0,The Bee Game
BBOE,0xF,The Berenstain Bears - And the Spooky Old Tree
BCTE,0xF,The Cat in the Hat by Dr. Seuss
BCQE,0x0,The Cheetah Girls
B2WE,0x0,"The Chronicles of Narnia - The Lion, the Witch and the Wardrobe"
AF6E,0xF,The Fairly Odd Parents! - Breakin' da Rules
BFOE,0xF,The Fairly Odd Parents! - Clash with the Anti-World
AFVE,0xF,The Fairly Odd Parents! - Enter the Cleft
BF2E,0xF,The Fairly Odd Parents! - Shadow Showdown
AFSE,0xF,The Flintstones - Big Trouble in Bedrock
BIEE,0x0,The Grim - Adventures of Billy and Mandy
ALIE,0xF,The Haunted Mansion
AH9E,0x0,The Hobbit
AHLE,0x0,The Incredible Hulk
BICE,0xF,The Incredibles
BIQE,0xF,The Incredibles - Rise of the Underminer
AIOE,0x0,The Invincible Iron Man
AJFE,0xF,The Jungle Book
AKOE,0x0,The King of Fighters EX - Neo Blood
AEXE,0x0,The King of Fighters EX2 - Howling Blood
BAKE,0xF,The Koala Brothers - Outback Adventures
ALAE,0xF,The Land Before Time
BLOE,0x0,The Land Before Time - Into the Mysterious Beyond
B3YE,0x2,The Legend of Spyro - A New Beginning
BU7E,0x1,The Legend of Spyro - The Eternal Night
AZLE,0x2,The Legend of Zelda - A Link to the Past & Four Swords
BZME,0x2,The Legend of Zelda - The Minish Cap
BLKE,0x0,The Lion King 1.5
BN9E,0x0,The Little Mermaid - Magic in Two Kingdoms
ALOE,0x2,The Lord of the Rings - The Fellowship of the Ring
BLRE,0x0,The Lord of the Rings - The Return of the King
B3AE,0x2,The Lord of the Rings - The Third Age
ALPE,0x0,The Lord of the Rings - The Two Towers
ALVE,0x0,The Lost Vikings
AUME,0xF,The Mummy
AZME,0xF,The Muppets - On With the Show!
APDE,0x0,The Pinball of the Dead
AZOJ,0x0,The Pinball of the Dead
BPXE,0x0,The Polar Express
AP5E,0x0,The Powerpuff Girls - Him and Seek
APTE,0x0,The Powerpuff Girls - Mojo Jojo A-Go-Go
BD7E,0x0,The Proud Family
A3RE,0xF,The Revenge of Shinobi
ARDE,0xF,The Ripping Friends
B33E,0x0,The Santa Clause 3 - The Escape Clause
ASZE,0xF,The Scorpion King - Sword of Osiris
A4AX,0xF,The Simpsons - Road Rage
B4PJ,0x2,The Sims
ASIE,0x2,The Sims - Bustin' Out
B46E,0x9,The Sims 2
B4OE,0x9,The Sims 2 - Pets
A7SP,0xF,The Smurfs - The Revenge of the Smurfs
BSNE,0xF,The SpongeBob SquarePants Movie
BZCE,0x0,The Suite Life of Zack & Cody - Tipton Trouble
AA6E,0x0,The Sum of All Fears
A3TE,0xF,The Three Stooges
BTRE,0x9,The Tower SP
BOCE,0x9,The Urbz - Sims in the City
BWLE,0x0,The Wild
AWTE,0xF,The Wild Thornberrys - Chimp Chase
AWLE,0xF,The Wild Thornberrys Movie
BTHE,0xF,Thunder Alley
BTBE,0xF,Thunderbirds
ATNP,0xF,Thunderbirds - International Rescue
BTWE,0x0,Tiger Woods PGA Tour 2004
AT5E,0x0,Tiger Woods PGA Tour Golf
BNCE,0x0,Tim Burton's The Nightmare Before Christmas - The Pumpkin King
ATTE,0xF,Tiny Toon Adventures - Scary Dreams
AWSP,0xF,Tiny Toon Adventures - Wacky Stackers
ATVP,0xF,Tir et But - Edition Champions du Monde
BTCF,0xF,Titeuf - Mega-Compet
BEXE,0x0,TMNT
ATQP,0x0,TOCA World Touring Cars
AF7J,0x2,Tokimeki Yume Series 1 - Ohanaya-san ni Narou!
BTFJ,0xE,Tokyo Majin Gakuen - Fuju Houroku
BTZE,0x0,Tokyo Xtreme Racer Advance
ATJE,0xF,Tom and Jerry - The Magic Ring
AIFE,0xF,Tom and Jerry in Infurnal Escape
BJTE,0xF,Tom and Jerry Tales
AR6E,0x0,Tom Clancy's Rainbow Six - Rogue Spear
AO4E,0x0,Tom Clancy's Splinter Cell
BSLE,0x0,Tom Clancy's Splinter Cell - Pandora Tomorrow
AGLJ,0x2,Tomato Adventure
BL8E,0x0,Tomb Raider - Legend
AL9E,0xF,Tomb Raider - The Prophecy
AUTJ,0xF,Tomb Raider - The Prophecy
BT7E,0xF,Tonka - On the Job
BH9E,0x2,Tony Hawk's American Sk8land
BXSE,0x0,Tony Hawk's Downhill Jam
ATHE,0x0,Tony Hawk's Pro Skater 2
AT3E,0x2,Tony Hawk's Pro Skater 3
AT6E,0x2,Tony Hawk's Pro Skater 4
BTOE,0x2,Tony Hawk's Underground
B2TE,0x2,Tony Hawk's Underground 2
AT7P,0xF,Tootuff - The Gagmachine
A2YE,0x9,Top Gun - Combat Zones
ATGE,0xF,Top Gun - Firestorm Advance
B27E,0x0,Top Spin 2
ATCE,0x0,TopGear GT Championship
BTGE,0x0,TopGear Rally
AYEJ,0x0,TopGear Rally
BTUE,0x0,Totally Spies
B2LE,0x0,Totally Spies 2 - Undercover
A59J,0x2,Toukon Heat
ATRJ,0xE,Toyrobo Force
AZQE,0xF,Treasure Planet
B9SP,0x0,Trick Star
BTJE,0x0,Tringo
BT6E,0x0,Trollz - Hair Affair!
BTNE,0x0,Tron 2.0 - Killer App
AK3E,0x0,Turbo Turtle Adventure
AT4E,0xF,Turok Evolution
ATME,0xE,Tweety and the Magic Gems
AMJJ,0xE,Tweety no Hearty Party
BFVJ,0x0,Twin Series 1 - Fashion Designer Monogatari + Kawaii Pet Game Gallery 2
BOPJ,0x0,Twin Series 2 - Oshare Princess 4 + Renai Uranai Daisakusen
BQMJ,0x0,Twin Series 3 - Konchuu Monster + Suchai Labyrinth
BHFJ,0x2,Twin Series 4 - Ham Ham Monster EX + Fantasy Puzzle Hamster Monogatari
BMWJ,0x2,Twin Series 5 - Wan Wan Meitantei EX + Mahou no Kuni no Keaki-Okusan Monogatari
BWNJ,0x0,Twin Series 6 - Wan Nyon Idol Gakuen + Koinu Toissho Special
B2PJ,0x0,Twin Series 7 - Twin Puzzle - Kisekae Wanko Ex + Puzzle Rainbow Magic 2
BTYE,0x2,Ty the Tasmanian Tiger 2 - Bush Rescue
BTVE,0x2,Ty the Tasmanian Tiger 3 - Night of the Quinkan
BUVJ,0xE,Uchu no Stellvia
AUCJ,0x2,Uchuu Daisakusen Choco Vader - Uchuu Kara no Shinryakusha
BUHJ,0x0,Ueki no Housoku Shinki Sakuretsu! Nouryokumono Battle
AEWJ,0x2,Ui-Ire - World Soccer Winning Eleven
BUZE,0x2,Ultimate Arcade Games
AVEE,0x0,Ultimate Beach Soccer
ABUE,0x0,Ultimate Brain Games
BUCE,0x2,Ultimate Card Games
AK2E,0x0,Ultimate Muscle - The Kinnikuman Legacy - The Path of the Superhero
BUAE,0x0,Ultimate Puzzle Games
BULE,0x0,Ultimate Spider-Man
BUWE,0xF,Ultimate Winter Games
BUTJ,0x9,Ultra Keibitai - Monster Attack
BU4E,0xF,Unfabulous
BU5E,0xF,Uno 52
BUIE,0xF,Uno Freefall
AYIE,0xF,Urban Yeti!
AVPP,0xF,V.I.P.
BANE,0xF,Van Helsing
BRXJ,0xE,Vattroller X
BZTE,0x0,VeggieTales - LarryBoy and the Bad Apple
AVTE,0x0,Virtua Tennis
AVKE,0x0,Virtual Kasparov
AVMJ,0x0,V-Master Cross
AVRE,0x0,V-Rally 3
BWTP,0x0,W.i.t.c.h.
BSRE,0x0,Wade Hixton's Counter Punch
BMIJ,0xE,Wagamama - Fairy Milmo de Pon! DokiDoki Memorial
BWPJ,0xE,Wagamama Fairy Mirumo de Pon Nazo no Kagi to Shinjitsu no Tobir
BMYJ,0xE,Wagamama Fairy Mirumo de Pon! - 8 Nin no Toki no Yousei
AWKJ,0x2,Wagamama Fairy Mirumo de Pon! - Ougon Maracas no Densetsu
BMPJ,0xE,Wagamama Fairy Mirumo de Pon! - Taisen Mahoudama
BWFJ,0xE,Wagamama Fairy Mirumo de Pon! Yume no Kakera
AWDE,0x0,Wakeboarding Unleashed featuring Shaun Murray
BWDJ,0x2,Wan Nyan Doubutsu Byouin
BWKJ,0x0,Wanko Dekururi! Wankuru
BWXJ,0x2,Wanko Mix Chiwanko World
BWMJ,0x0,WanWan Meitantei
AWAE,0xE,Wario Land 4
RZWE,0xE,WarioWare Twisted!
AZWE,0xE,"WarioWare, Inc. - Mega Microgames!"
AW3J,0x0,Watashi no Makesalon
BWEE,0x0,Whac-A-Mole
A73J,0xE,Whistle! - Dai 37 Kai Tokyo-to Chuugakkou Sougou Taiiku Soccer Taikai
A55P,0xF,Who Wants to Be a Millionaire
B55P,0xF,Who Wants to Be a Millionaire - 2nd Edition
BWJP,0xF,Who Wants to Be a Millionaire - Junior
AW9E,0x0,Wing Commander - Prophecy
AWQE,0x0,Wings
BWHE,0xF,Winnie the Pooh's Rumbly Tumbly Adventure
BWZP,0x0,Winnie the Pooh's Rumbly Tumbly Adventure + Rayman 3
AWPJ,0x5,Winning Post for GameBoy Advance
BWYP,0x0,Winter Sports
BWIE,0x2,WinX Club
BWVE,0x0,Winx Club - Quest For The Codex
AWZJ,0xE,Wizardry Summoner
AWOE,0x0,Wolfenstein 3D
AWWE,0x0,Woody Woodpecker in Crazy Castle 5
BB8E,0x0,Word Safari - The Friendship Totems
AASJ,0x2,World Advance Soccer - Shouri heno Michi
BP9E,0xF,World Championship Poker
B26E,0x2,World Poker Tour
BWOP,0x2,World Poker Tour
BWRE,0xF,World Reborn
AWCE,0xF,World Tennis Stars
AWBP,0xF,Worms Blast
AWYE,0xF,Worms World Party
ATEE,0x0,WTA Tour Tennis
ACIJ,0x0,WTA Tour Tennis Pocket
AW8E,0x0,WWE - Road to WrestleMania X8
BWWE,0x0,WWE Survivor Series
AWFE,0xF,WWF - Road to WrestleMania
AWVE,0x0,X2 - Wolverine's Revenge
AXIE,0xF,X-bladez - Inline Skater
AXME,0x0,X-Men - Reign of Apocalypse
B3XE,0x0,X-Men - The Official Game
BXME,0xF,XS Moto
AX3E,0x0,xXx
B64E,0xF,Yars' Revenge - Pong - Asteroids
BYUE,0x3,Yggdra Union - We'll Never Fight Alone
BYVE,0xE,Yo-Gi-Oh! Double Pack 2 - Destiny Board Traveler + Dungeon Dice Monsters
KYGE,0x0,Yoshi Topsy-Turvy
A3AE,0x2,Yoshi's Island - Super Mario Advance 3
AFUJ,0x2,Youkaidou
BYYE,0x0,Yu Yu Hakusho - Spirit Detective
BYDE,0xE,Yu-Gi-Oh! - Destiny Board Traveler
AY8E,0xE,Yu-Gi-Oh! - Reshef of Destruction
BY7E,0xE,Yu-Gi-Oh! 7 Trials to Glory - World Championship Tournament 2005
BYOP,0xE,Yu-Gi-Oh! Day Of The Duelist - World Championship Tournament 2005
BY2E,0xE,Yu-Gi-Oh! Double Pack
AY6J,0xE,Yu-Gi-Oh! Duel Monsters 6 Expert 2
BY3J,0xE,Yu-Gi-Oh! Duel Monsters Expert 3
BYIJ,0xE,Yu-Gi-Oh! Duel Monsters International 2
AYDE,0x7,Yu-Gi-Oh! Dungeon Dice Monsters
BYGE,0xE,Yu-Gi-Oh! GX - Duel Academy
BYSJ,0xE,Yu-Gi-Oh! Sugoroku no Sugoroku
AY5E,0xE,Yu-Gi-Oh! The Eternal Duelist Soul
AY7E,0xE,Yu-Gi-Oh! The Sacred Cards
BY6E,0xE,Yu-Gi-Oh! Ultimate Masters 2006
BYWE,0xE,Yu-Gi-Oh! World Championship Tournament 2004
AYWE,0xE,Yu-Gi-Oh! Worldwide Edition - Stairway to the Destined Duel
A4VJ,0xE,Yuujou no Victory Goal 4v4 Arashi - Get the Goal!!
AUYJ,0x0,Yuureiyashiki no Nijuuyojikan
BRGE,0x2,Yu-Yu-Hakusho - Tournament Tactics
AZPE,0x0,Zapper
A4GE,0x2,ZatchBell! - Electric Arena
AGTJ,0x5,Zen-Nippon GT Senshuken
A2ZJ,0x7,Zen-Nippon Shounen Soccer Taikai 2 - Mezase Nippon-ichi!
AF3J,0x2,Zero One
BZOJ,0x2,Zero One SP
AZTJ,0x7,Zero-Tours
BJ3J,0xE,Zettai Zetsumei - Dangerous Jiisan 3 Hateshinaki Mamonogatari
BZDJ,0xE,Zettai Zetsumei Dangerous Jiisan - Shijou Saikyou no Togeza
BZGJ,0xE,Zettai Zetsumei Dangerous Jiisan - Zettai Okujou Bai Orensu Kouchou
BZ2J,0xE,Zettai Zetsumei Den Chara Suji-Sa
AZDP,0xF,Zidane Football Generation
BZYE,0xF,Zoey 101
AZ2E,0xE,Zoids - Legacy
ATZJ,0xE,Zoids Saga
BZFJ,0xE,Zoids Saga - Fuzors
AZEE,0x7,Zone of the Enders - The Fist of Mars
ANCE,0x0,ZooCube
BMZP,0x2,Zooo
